This is pdfTeX, Version 3.14159265-2.6-1.40.21 (TeX Live 2020/Debian) (preloaded format=mex 2020.11.3)  12 MAR 2021 12:10
entering extended mode
 restricted \write18 enabled.
 %&-line parsing enabled.
**matlab/finufft.cpp lib-static/libfinufft.a -Iinclude -largeArrayDims -D_OPENM
P -DR2008OO -lfftw3 -lfftw3_omp -lfftw3f -lfftw3f_omp -lm -output matlab/finuff
t
(./matlab/finufft.cpp
This is MeX  Version 1.05  18 XII 1993  (B. Jackowski & M. Ry\'cko)

Overfull \hbox (107.24594pt too wide) in paragraph at lines 1--4
[]\tenrm /* --------------------------------------------------- */ /* Au-to-ma-
ti-cally ge-ne-ra-ted by mwrap */ /* ------------------------------------------
---------|

\hbox(7.5+2.5)x469.75499, glue set - 1.0
.\hbox(0.0+0.0)x20.0
.\tenrm /
.\tenrm *
.\glue 3.33333 plus 1.66666 minus 1.11111
.\tenrm | (ligature ---)
.etc.

! You can't use `macro parameter character #' in vertical mode.
l.34 #
      include <stdio.h>
? 
! You can't use `macro parameter character #' in horizontal mode.
l.35 #
      include <string.h>
? 
! You can't use `macro parameter character #' in horizontal mode.
l.36 #
      include <stddef.h>
? 
! You can't use `macro parameter character #' in vertical mode.
l.38 #
      include <mex.h>
? 
! You can't use `macro parameter character #' in vertical mode.
l.40 #
      if MX_HAS_INTERLEAVED_COMPLEX
? 
! Missing $ inserted.
<inserted text> 
                $
<to be read again> 
                   _
l.40 #if MX_
            HAS_INTERLEAVED_COMPLEX
? 
! You can't use `macro parameter character #' in math mode.
l.41 #
      include <matrix.h>
? 
! You can't use `macro parameter character #' in math mode.
l.42 #
      endif
? 
! Missing $ inserted.
<inserted text> 
                $
<to be read again> 
                   \par 
l.43 
     
? 
! Missing $ inserted.
<inserted text> 
                $
<to be read again> 
                   _
l.48 int* mexprofrecord_
                        = NULL;
? 
! Missing $ inserted.
<inserted text> 
                $
<to be read again> 
                   \par 
l.49 
     
? 
! You can't use `macro parameter character #' in vertical mode.
l.55 #
      if MX_HAS_INTERLEAVED_COMPLEX
? 
! Missing $ inserted.
<inserted text> 
                $
<to be read again> 
                   _
l.55 #if MX_
            HAS_INTERLEAVED_COMPLEX
? 
! Missing $ inserted.
<inserted text> 
                $
<to be read again> 
                   \par 
l.56 
     
? 
! You can't use `macro parameter character #' in horizontal mode.
l.60 #
      ifdef R2008OO
? 
! You can't use `macro parameter character #' in horizontal mode.
l.62 #
      endif
? 
! Missing $ inserted.
<inserted text> 
                $
<to be read again> 
                   _
l.63     if (mxGetClassID(a) == mxDOUBLE_
                                         CLASS && mxIsComplex(a) )
? 
! Misplaced alignment tab character &.
l.63     if (mxGetClassID(a) == mxDOUBLE_CLASS &
                                                & mxIsComplex(a) )
? 
! Misplaced alignment tab character &.
l.63     if (mxGetClassID(a) == mxDOUBLE_CLASS &&
                                                  mxIsComplex(a) )
? 
! Misplaced alignment tab character &.
l.65         if( mxGetM(a)*mxGetN(a) == 1 &
                                           & (*mxGetComplexDoubles(a)).real ...

? 
! Misplaced alignment tab character &.
l.65         if( mxGetM(a)*mxGetN(a) == 1 &&
                                             (*mxGetComplexDoubles(a)).real ...

? 
! Misplaced alignment tab character &.
l.68     if (mxGetClassID(a) == mxDOUBLE_CLASS &
                                                & !mxIsComplex(a) )
? 
! Misplaced alignment tab character &.
l.68     if (mxGetClassID(a) == mxDOUBLE_CLASS &&
                                                  !mxIsComplex(a) )
? 
! Misplaced alignment tab character &.
l.70         if( mxGetM(a)*mxGetN(a) == 1 &
                                           & *mxGetDoubles(a) == 0)
? 
! Misplaced alignment tab character &.
l.70         if( mxGetM(a)*mxGetN(a) == 1 &&
                                             *mxGetDoubles(a) == 0)
? 
! Misplaced alignment tab character &.
l.76         sscanf(pbuf, fmt, &
                                p);
? 
! You can't use `macro parameter character #' in math mode.
l.78 #
      ifdef R2008OO
? 
! You can't use `macro parameter character #' in math mode.
l.82 #
      endif
? 
! Extra }, or forgotten $.
l.86 }
      
? 
! Missing $ inserted.
<inserted text> 
                $
<to be read again> 
                   \par 
l.87 
     
? 

Overfull \hbox (458.97946pt too wide) in paragraph at lines 57--87
\tenrm R2008OO mxAr-ray* ap; en-dif if (mxGetC-las-sID(a) == mxDOUBLE$[]\teni L
ASSmxIsComplex\tenrm (\teni a\tenrm ))[]\teni if\tenrm (\teni mxGetClassID\tenr
m (\teni a\tenrm ) ==|

\hbox(7.5+2.5)x469.75499, glue set - 1.0
.\tenrm R
.\tenrm 2
.\tenrm 0
.\tenrm 0
.\tenrm 8
.etc.


Overfull \hbox (571.78094pt too wide) in paragraph at lines 57--87
\teni mxDOUBLE[]LASS\tenrm !\teni mxIsComplex\tenrm (\teni a\tenrm ))[]\teni if
\tenrm (\teni mxIsChar\tenrm (\teni a\tenrm ))[]\teni ifdefR\tenrm 2008\teni OO
elseif\tenrm (\teni ap \tenrm =|

\hbox(7.5+2.5)x469.75499
.\teni m
.\teni x
.\teni D
.\kern0.27779
.\teni O
.etc.


Overfull \hbox (33.19806pt too wide) in paragraph at lines 57--87
\teni mxGetProperty\tenrm (\teni a; \tenrm 0\teni ; \tenrm "\teni mwptr\tenrm "
))[]\teni endifif\tenrm (\teni p \tenrm == 0) \tensy ^^C \teni e \tenrm = "\ten
i Invalidpointer\tenrm "; \teni returnp\tenrm ;$ |

\hbox(7.5+2.5)x469.75499, glue set - 1.0
.\teni m
.\teni x
.\teni G
.\teni e
.\teni t
.etc.

! Misplaced alignment tab character &.
l.116     if (!a || (!mxIsChar(a) &
                                   & mxGetM(a)*mxGetN(a) > 0)) {
? 
! Misplaced alignment tab character &.
l.116     if (!a || (!mxIsChar(a) &&
                                     mxGetM(a)*mxGetN(a) > 0)) {
? 

Overfull \hbox (43.60712pt too wide) in paragraph at lines 112--128
\tenrm sChar(a)  mxGetM(a)*mxGetN(a) > 0))  *e = "In-va-lid string ar-gu-ment";
 re-turn NULL;  slen = mxGetM(a)*mxGetN(a)|

\hbox(7.5+2.5)x469.75499, glue set - 1.0
.\tenrm s
.\tenrm C
.\tenrm h
.\tenrm a
.\tenrm r
.etc.

! Missing $ inserted.
<inserted text> 
                $
<to be read again> 
                   _
l.132     if (!a || mxGetClassID(a) != mxDOUBLE_
                                                CLASS || mxGetM(a)*mxGetN(a)...

? 
! Extra }, or forgotten $.
l.140 }
       
? 
! Missing $ inserted.
<inserted text> 
                $
<to be read again> 
                   \par 
l.141 
      
? 

Overfull \hbox (107.5914pt too wide) in paragraph at lines 130--141
[]\tenrm double mxW-rap-Get-Sca-lar(const mxAr-ray* a, const char** e)  if (!a 
|| mxGetC-las-sID(a) != mxDOUBLE$[]\teni LASS\tensy jj\teni mxGetM\tenrm (\teni
 a\tenrm ) \tensy ^^C|

\hbox(7.5+2.5)x469.75499, glue set - 1.0
.\hbox(0.0+0.0)x20.0
.\tenrm d
.\tenrm o
.\tenrm u
.\tenrm b
.etc.


Overfull \hbox (283.08047pt too wide) in paragraph at lines 130--141
\teni mxGetN\tenrm (\teni a\tenrm )! = 1)[]\teni if\tenrm (\teni mxIsComplex\te
nrm (\teni a\tenrm ))\teni return\tenrm (\teni double\tenrm )(\tensy ^^C\teni m
xGetComplexDoubles\tenrm (\teni a\tenrm ))\teni :real\tenrm ; \teni elsereturn\
tenrm (\teni double\tenrm )(\tensy ^^C\teni mxGetDoubles\tenrm (\teni a\tenrm )
);$ |

\hbox(7.5+2.5)x469.75499
.\teni m
.\teni x
.\teni G
.\teni e
.\teni t
.etc.

! You can't use `macro parameter character #' in vertical mode.
l.142 #
       define mxWrapGetArrayDef(func, T) \
? 
! Missing $ inserted.
<inserted text> 
                $
<to be read again> 
                   _
l.151     if (!a || mxGetClassID(a) != mxDOUBLE_
                                                CLASS) { \
? 
! Extra }, or forgotten $.
l.171 }
       
? 
! Missing $ inserted.
<inserted text> 
                $
<to be read again> 
                   \par 
l.172 
      
? 

Overfull \hbox (402.51352pt too wide) in paragraph at lines 142--172
\tenrm ray-len;  mwIn-dex i;  T* p;  do-uble* q;  mxCom-ple-xDo-uble* z;  if (!
a || mxGetC-las-sID(a) != mxDOUBLE$[]\teni LASS\tenrm )[] \teni arraylen \tenrm
 =|

\hbox(7.5+2.5)x469.75499, glue set - 1.0
.\tenrm r
.\tenrm a
.\kern-0.27779
.\tenrm y
.\discretionary
..\tenrm -
.etc.


Overfull \hbox (926.59787pt too wide) in paragraph at lines 142--172
\teni mxGetM\tenrm (\teni a\tenrm ) \tensy ^^C \teni mxGetN\tenrm (\teni a\tenr
m );  \teni array \tenrm = (\teni T\tensy ^^C\tenrm )\teni mxMalloc\tenrm (\ten
i mxGetM\tenrm (\teni a\tenrm ) \tensy ^^C \teni mxGetN\tenrm (\teni a\tenrm ) 
\tensy ^^C \teni sizeof\tenrm (\teni T\tenrm ));  \teni p \tenrm = \teni array\
tenrm ;  \teni if\tenrm (\teni mxIsComplex\tenrm (\teni a\tenrm )) [] \teni els
e [] returnarray\tenrm ; $ |

\hbox(7.5+2.5)x469.75499, glue set - 1.0
.\teni m
.\teni x
.\teni G
.\teni e
.\teni t
.etc.

! You can't use `macro parameter character #' in vertical mode.
l.174 #
       define mxWrapCopyDef(func, T) \
? 
! You can't use `macro parameter character #' in vertical mode.
l.196 #
       define mxWrapReturnDef(func, T) \
? 
! You can't use `macro parameter character #' in vertical mode.
l.213 #
       define mxWrapGetScalarZDef(func, T, ZT, setz)	\
? 
[1]
! You can't use `macro parameter character #' in vertical mode.
l.227 #
       define mxWrapGetArrayZDef(func, T, ZT, setz)      \
? 
! Missing $ inserted.
<inserted text> 
                $
<to be read again> 
                   _
l.236     if (!a || mxGetClassID(a) != mxDOUBLE_
                                                CLASS) { \
? 
! Extra }, or forgotten $.
l.258 }
       
? 
! Missing $ inserted.
<inserted text> 
                $
<to be read again> 
                   \par 
l.259 
      
? 

Overfull \hbox (2.86008pt too wide) in paragraph at lines 227--259
\tenrm mxDOUBLE$[]\teni LASS\tenrm )[] \teni arraylen \tenrm =|

\hbox(7.5+2.5)x469.75499, glue set - 1.0
.\tenrm m
.\tenrm x
.\tenrm D
.\tenrm O
.\tenrm U
.etc.


Overfull \hbox (1103.35948pt too wide) in paragraph at lines 227--259
\teni mxGetM\tenrm (\teni a\tenrm ) \tensy ^^C \teni mxGetN\tenrm (\teni a\tenr
m );  \teni array \tenrm = (\teni T\tensy ^^C\tenrm )\teni mxMalloc\tenrm (\ten
i mxGetM\tenrm (\teni a\tenrm ) \tensy ^^C \teni mxGetN\tenrm (\teni a\tenrm ) 
\tensy ^^C \teni sizeof\tenrm (\teni T\tenrm ));  \teni p \tenrm = \teni array\
tenrm ;  \teni if\tenrm (\teni mxIsComplex\tenrm (\teni a\tenrm )) [] \teni els
e [] returnarray\tenrm ; $ |

\hbox(7.5+2.5)x469.75499, glue set - 1.0
.\teni m
.\teni x
.\teni G
.\teni e
.\teni t
.etc.

! You can't use `macro parameter character #' in vertical mode.
l.261 #
       define mxWrapCopyZDef(func, T, freal, fimag)	    \
? 
! You can't use `macro parameter character #' in vertical mode.
l.284 #
       define mxWrapReturnZDef(func, T, freal, fimag)	      \
? 
! Missing $ inserted.
<inserted text> 
                $
<to be read again> 
                   _
l.307 void* mxWrapGetP_
                       single(const mxArray* a, const char* fmt, const char*...

? 
! You can't use `macro parameter character #' in math mode.
l.310 #
       ifdef R2008OO
? 
! You can't use `macro parameter character #' in math mode.
l.312 #
       endif
? 
! Misplaced alignment tab character &.
l.313     if (mxGetClassID(a) == mxSINGLE_CLASS &
                                                 & mxIsComplex(a) )
? 
! Misplaced alignment tab character &.
l.313     if (mxGetClassID(a) == mxSINGLE_CLASS &&
                                                   mxIsComplex(a) )
? 
! Misplaced alignment tab character &.
l.315         if( mxGetM(a)*mxGetN(a) == 1 &
                                            & (*mxGetComplexSingles(a)).real...

? 
! Misplaced alignment tab character &.
l.315         if( mxGetM(a)*mxGetN(a) == 1 &&
                                              (*mxGetComplexSingles(a)).real...

? 
! Misplaced alignment tab character &.
l.318     if (mxGetClassID(a) == mxSINGLE_CLASS &
                                                 & !mxIsComplex(a) )
? 
! Misplaced alignment tab character &.
l.318     if (mxGetClassID(a) == mxSINGLE_CLASS &&
                                                   !mxIsComplex(a) )
? 
! Misplaced alignment tab character &.
l.320         if( mxGetM(a)*mxGetN(a) == 1 &
                                            & *mxGetSingles(a) == 0)
? 
! Misplaced alignment tab character &.
l.320         if( mxGetM(a)*mxGetN(a) == 1 &&
                                              *mxGetSingles(a) == 0)
? 
! Misplaced alignment tab character &.
l.326         sscanf(pbuf, fmt, &
                                 p);
? 
! You can't use `macro parameter character #' in math mode.
l.328 #
       ifdef R2008OO
? 
! You can't use `macro parameter character #' in math mode.
l.332 #
       endif
? 
! Missing $ inserted.
<inserted text> 
                $
<to be read again> 
                   \par 
l.337 
      
? 

Overfull \hbox (2477.4785pt too wide) in paragraph at lines 307--337
[]\tenrm void* mxWrapGetP$[]\teni ingle\tenrm (\teni constmxArray \tensy ^^C \t
eni a; constchar \tensy ^^C \teni fmt; constchar \tensy ^^C ^^C\teni e\tenrm )[
]$ |

\hbox(7.5+2.5)x469.75499, glue set - 1.0
.\hbox(0.0+0.0)x20.0
.\tenrm v
.\kern-0.27779
.\tenrm o
.\tenrm i
.etc.

! Missing $ inserted.
<inserted text> 
                $
<to be read again> 
                   _
l.338 mxArray* mxWrapCreateP_
                             single(void* p, const char* fmt)
? 
! Missing $ inserted.
<inserted text> 
                $
<to be read again> 
                   \par 
l.350 
      
? 

Overfull \hbox (674.50089pt too wide) in paragraph at lines 338--350
[]\tenrm mxArray* mxWrapCreateP$[]\teni ingle\tenrm (\teni void \tensy ^^C \ten
i p; constchar \tensy ^^C \teni fmt\tenrm )[]$ |

\hbox(7.5+2.5)x469.75499, glue set - 1.0
.\hbox(0.0+0.0)x20.0
.\tenrm m
.\tenrm x
.\tenrm A
.\tenrm r
.etc.

! Missing $ inserted.
<inserted text> 
                $
<to be read again> 
                   _
l.351 mxArray* mxWrapStrncpy_
                             single(const char* s)
? 
! Missing $ inserted.
<inserted text> 
                $
<to be read again> 
                   \par 
l.361 
      
? 

Overfull \hbox (418.36028pt too wide) in paragraph at lines 351--361
[]\tenrm mxArray* mxWrapStrncpy$[]\teni ingle\tenrm (\teni constchar \tensy ^^C
 \teni s\tenrm )[]$ |

\hbox(7.5+2.5)x469.75499, glue set - 1.0
.\hbox(0.0+0.0)x20.0
.\tenrm m
.\tenrm x
.\tenrm A
.\tenrm r
.etc.

! Missing $ inserted.
<inserted text> 
                $
<to be read again> 
                   _
l.362 char* mxWrapGetString_
                            single(const mxArray* a, const char** e)
? 
! Misplaced alignment tab character &.
l.366     if (!a || (!mxIsChar(a) &
                                   & mxGetM(a)*mxGetN(a) > 0)) {
? 
! Misplaced alignment tab character &.
l.366     if (!a || (!mxIsChar(a) &&
                                     mxGetM(a)*mxGetN(a) > 0)) {
? 
! Missing $ inserted.
<inserted text> 
                $
<to be read again> 
                   \par 
l.378 
      
? 

Overfull \hbox (1029.75415pt too wide) in paragraph at lines 362--378
[]\tenrm char* mxWrapGetString$[]\teni ingle\tenrm (\teni constmxArray \tensy ^
^C \teni a; constchar \tensy ^^C ^^C\teni e\tenrm )[]$ |

\hbox(7.5+2.5)x469.75499, glue set - 1.0
.\hbox(0.0+0.0)x20.0
.\tenrm c
.\kern-0.27779
.\tenrm h
.\tenrm a
.etc.

! Missing $ inserted.
<inserted text> 
                $
<to be read again> 
                   _
l.380 float mxWrapGetScalar_
                            single(const mxArray* a, const char** e)
? 
! Missing $ inserted.
<inserted text> 
                $
<to be read again> 
                   \par 
l.391 
      
? 

Overfull \hbox (851.60562pt too wide) in paragraph at lines 380--391
[]\tenrm float mxWrapGetScalar$[]\teni ingle\tenrm (\teni constmxArray \tensy ^
^C \teni a; constchar \tensy ^^C ^^C\teni e\tenrm )[]$ |

\hbox(7.5+2.5)x469.75499, glue set - 1.0
.\hbox(0.0+0.0)x20.0
.\tenrm ^^M (ligature fl)
.\tenrm o
.\tenrm a
.\tenrm t
.etc.

! You can't use `macro parameter character #' in vertical mode.
l.392 #
       define mxWrapGetArrayDef_single(func, T) \
? 
! Missing $ inserted.
<inserted text> 
                $
<to be read again> 
                   _
l.392 #define mxWrapGetArrayDef_
                                single(func, T) \
? 
! Missing $ inserted.
<inserted text> 
                $
<to be read again> 
                   \par 
l.422 
      
? 

Overfull \hbox (2310.71114pt too wide) in paragraph at lines 392--422
[]\tenrm define mxWrapGetArrayDef$[]\teni ingle\tenrm (\teni func; T\tenrm ) \t
eni T \tensy ^^C \teni func\tenrm (\teni constmxArray \tensy ^^C \teni a; const
char \tensy ^^C ^^C\teni e\tenrm ) []$ |

\hbox(7.5+2.5)x469.75499, glue set - 1.0
.\hbox(0.0+0.0)x20.0
.\tenrm d
.\tenrm e
.\tenrm ^^L (ligature fi)
.\tenrm n
.etc.

! You can't use `macro parameter character #' in vertical mode.
l.424 #
       define mxWrapCopyDef_single(func, T) \
? 
! Missing $ inserted.
<inserted text> 
                $
<to be read again> 
                   _
l.424 #define mxWrapCopyDef_
                            single(func, T) \
? 
! Missing $ inserted.
<inserted text> 
                $
<to be read again> 
                   \par 
l.444 
      
? 

Overfull \hbox (1063.25307pt too wide) in paragraph at lines 424--444
[]\tenrm define mxWrapCopyDef$[]\teni ingle\tenrm (\teni func; T\tenrm ) \teni 
voidfunc\tenrm (\teni mxArray \tensy ^^C \teni a; constT \tensy ^^C \teni q; mw
Sizen\tenrm ) []$ |

\hbox(7.5+2.5)x469.75499, glue set - 1.0
.\hbox(0.0+0.0)x20.0
.\tenrm d
.\tenrm e
.\tenrm ^^L (ligature fi)
.\tenrm n
.etc.

! You can't use `macro parameter character #' in vertical mode.
l.446 #
       define mxWrapReturnDef_single(func, T) \
? 
! Missing $ inserted.
<inserted text> 
                $
<to be read again> 
                   _
l.446 #define mxWrapReturnDef_
                              single(func, T) \
? 
! Missing $ inserted.
<inserted text> 
                $
<to be read again> 
                   \par 
l.461 
      
? 

Overfull \hbox (1181.09798pt too wide) in paragraph at lines 446--461
[]\tenrm define mxWrapReturnDef$[]\teni ingle\tenrm (\teni func; T\tenrm ) \ten
i mxArray \tensy ^^C \teni func\tenrm (\teni constT \tensy ^^C \teni q; mwSizem
; mwSizen\tenrm ) []$ |

\hbox(7.5+2.5)x469.75499, glue set - 1.0
.\hbox(0.0+0.0)x20.0
.\tenrm d
.\tenrm e
.\tenrm ^^L (ligature fi)
.\tenrm n
.etc.

! You can't use `macro parameter character #' in vertical mode.
l.463 #
       define mxWrapGetScalarZDef_single(func, T, ZT, setz)	\
? 
! Missing $ inserted.
<inserted text> 
                $
<to be read again> 
                   _
l.463 #define mxWrapGetScalarZDef_
                                  single(func, T, ZT, setz)	\
? 
! Missing $ inserted.
<inserted text> 
                $
<to be read again> 
                   \par 
l.475 
      
? 

Overfull \hbox (717.46529pt too wide) in paragraph at lines 463--475
[]\tenrm define mxWrapGetScalarZDef$[]\teni ingle\tenrm (\teni func; T; ZT; set
z\tenrm ) \teni voidfunc\tenrm (\teni T \tensy ^^C \teni z; constmxArray \tensy
 ^^C \teni a\tenrm ) []$ |

\hbox(7.5+2.5)x469.75499, glue set - 1.0
.\hbox(0.0+0.0)x20.0
.\tenrm d
.\tenrm e
.\tenrm ^^L (ligature fi)
.\tenrm n
.etc.

! You can't use `macro parameter character #' in vertical mode.
l.477 #
       define mxWrapGetArrayZDef_single(func, T, ZT, setz)      \
? 
! Missing $ inserted.
<inserted text> 
                $
<to be read again> 
                   _
l.477 #define mxWrapGetArrayZDef_
                                 single(func, T, ZT, setz)      \
? 
! Missing $ inserted.
<inserted text> 
                $
<to be read again> 
                   \par 
l.509 
      
? 

Overfull \hbox (2534.18108pt too wide) in paragraph at lines 477--509
[]\tenrm define mxWrapGetArrayZDef$[]\teni ingle\tenrm (\teni func; T; ZT; setz
\tenrm ) \teni T \tensy ^^C \teni func\tenrm (\teni constmxArray \tensy ^^C \te
ni a; constchar \tensy ^^C ^^C\teni e\tenrm ) []$ |

\hbox(7.5+2.5)x469.75499, glue set - 1.0
.\hbox(0.0+0.0)x20.0
.\tenrm d
.\tenrm e
.\tenrm ^^L (ligature fi)
.\tenrm n
.etc.

! You can't use `macro parameter character #' in vertical mode.
l.511 #
       define mxWrapCopyZDef_single(func, T, freal, fimag)	    \
? 
! Missing $ inserted.
<inserted text> 
                $
<to be read again> 
                   _
l.511 #define mxWrapCopyZDef_
                             single(func, T, freal, fimag)	    \
? 
! Missing $ inserted.
<inserted text> 
                $
<to be read again> 
                   \par 
l.532 
      
? 

Overfull \hbox (1166.6276pt too wide) in paragraph at lines 511--532
[]\tenrm define mxWrapCopyZDef$[]\teni ingle\tenrm (\teni func; T; freal; fimag
\tenrm ) \teni voidfunc\tenrm (\teni mxArray \tensy ^^C \teni a; constT \tensy 
^^C \teni q; mwSizen\tenrm ) []$ |

\hbox(7.5+2.5)x469.75499, glue set - 1.0
.\hbox(0.0+0.0)x20.0
.\tenrm d
.\tenrm e
.\tenrm ^^L (ligature fi)
.\tenrm n
.etc.

! You can't use `macro parameter character #' in vertical mode.
l.534 #
       define mxWrapReturnZDef_single(func, T, freal, fimag)	      \
? 
! Missing $ inserted.
<inserted text> 
                $
<to be read again> 
                   _
l.534 #define mxWrapReturnZDef_
                               single(func, T, freal, fimag)	      \
? 
! Missing $ inserted.
<inserted text> 
                $
<to be read again> 
                   \par 
l.551 
      
? 

Overfull \hbox (1556.96645pt too wide) in paragraph at lines 534--551
[]\tenrm define mxWrapReturnZDef$[]\teni ingle\tenrm (\teni func; T; freal; fim
ag\tenrm ) \teni mxArray \tensy ^^C \teni func\tenrm (\teni constT \tensy ^^C \
teni q; mwSizem; mwSizen\tenrm ) []$ |

\hbox(7.5+2.5)x469.75499, glue set - 1.0
.\hbox(0.0+0.0)x20.0
.\tenrm d
.\tenrm e
.\tenrm ^^L (ligature fi)
.\tenrm n
.etc.

! You can't use `macro parameter character #' in vertical mode.
l.554 #
       else
? 
! You can't use `macro parameter character #' in horizontal mode.
l.563 #
       ifdef R2008OO
? 
! You can't use `macro parameter character #' in horizontal mode.
l.565 #
       endif
? 
! Missing $ inserted.
<inserted text> 
                $
<to be read again> 
                   _
l.566     if (mxGetClassID(a) == mxDOUBLE_
                                          CLASS &&
? 
! Misplaced alignment tab character &.
l.566     if (mxGetClassID(a) == mxDOUBLE_CLASS &
                                                 &
? 
! Misplaced alignment tab character &.
l.566     if (mxGetClassID(a) == mxDOUBLE_CLASS &&
                                                  
? 
! Misplaced alignment tab character &.
l.567         mxGetM(a)*mxGetN(a) == 1 &
                                        & *mxGetPr(a) == 0)
? 
! Misplaced alignment tab character &.
l.567         mxGetM(a)*mxGetN(a) == 1 &&
                                          *mxGetPr(a) == 0)
? 
! Misplaced alignment tab character &.
l.572         sscanf(pbuf, fmt, &
                                 p);
? 
! You can't use `macro parameter character #' in math mode.
l.574 #
       ifdef R2008OO
? 
! You can't use `macro parameter character #' in math mode.
l.578 #
       endif
? 
! Extra }, or forgotten $.
l.582 }
       
? 
! Missing $ inserted.
<inserted text> 
                $
<to be read again> 
                   \par 
l.583 
      
? 

Overfull \hbox (33.37285pt too wide) in paragraph at lines 560--583
\tenrm mxAr-ray* ap; en-dif if (mxGetC-las-sID(a) == mxDOUBLE$[]\teni LASSmxGet
M\tenrm (\teni a\tenrm ) \tensy ^^C \teni mxGetN\tenrm (\teni a\tenrm ) == 1 \t
ensy ^^C \teni mxGetPr\tenrm (\teni a\tenrm ) ==|

\hbox(7.5+2.5)x469.75499, glue set - 1.0
.\tenrm m
.\tenrm x
.\tenrm A
.\tenrm r
.\discretionary
..\tenrm -
.etc.


Overfull \hbox (101.71387pt too wide) in paragraph at lines 560--583
\tenrm 0)\teni returnp\tenrm ; \teni if\tenrm (\teni mxIsChar\tenrm (\teni a\te
nrm ))[]\teni ifdefR\tenrm 2008\teni OOelseif\tenrm (\teni ap \tenrm =|

\hbox(7.5+2.5)x469.75499
.\tenrm 0
.\tenrm )
.\teni r
.\kern0.27779
.\teni e
.etc.


Overfull \hbox (33.19806pt too wide) in paragraph at lines 560--583
\teni mxGetProperty\tenrm (\teni a; \tenrm 0\teni ; \tenrm "\teni mwptr\tenrm "
))[]\teni endifif\tenrm (\teni p \tenrm == 0) \tensy ^^C \teni e \tenrm = "\ten
i Invalidpointer\tenrm "; \teni returnp\tenrm ;$ |

\hbox(7.5+2.5)x469.75499, glue set - 1.0
.\teni m
.\teni x
.\teni G
.\teni e
.\teni t
.etc.

! Missing $ inserted.
<inserted text> 
                $
<to be read again> 
                   _
l.610     if (!a || mxGetClassID(a) != mxDOUBLE_
                                                CLASS || mxGetM(a)*mxGetN(a)...

? 
! Extra }, or forgotten $.
l.615 }
       
? 
! Missing $ inserted.
<inserted text> 
                $
<to be read again> 
                   \par 
l.616 
      
? 

Overfull \hbox (107.5914pt too wide) in paragraph at lines 608--616
[]\tenrm double mxW-rap-Get-Sca-lar(const mxAr-ray* a, const char** e)  if (!a 
|| mxGetC-las-sID(a) != mxDOUBLE$[]\teni LASS\tensy jj\teni mxGetM\tenrm (\teni
 a\tenrm ) \tensy ^^C|

\hbox(7.5+2.5)x469.75499, glue set - 1.0
.\hbox(0.0+0.0)x20.0
.\tenrm d
.\tenrm o
.\tenrm u
.\tenrm b
.etc.

! Misplaced alignment tab character &.
l.621     if (!a || (!mxIsChar(a) &
                                   & mxGetM(a)*mxGetN(a) > 0)) {
? 
! Misplaced alignment tab character &.
l.621     if (!a || (!mxIsChar(a) &&
                                     mxGetM(a)*mxGetN(a) > 0)) {
? 

Overfull \hbox (43.60712pt too wide) in paragraph at lines 617--633
\tenrm sChar(a)  mxGetM(a)*mxGetN(a) > 0))  *e = "In-va-lid string ar-gu-ment";
 re-turn NULL;  slen = mxGetM(a)*mxGetN(a)|

\hbox(7.5+2.5)x469.75499, glue set - 1.0
.\tenrm s
.\tenrm C
.\tenrm h
.\tenrm a
.\tenrm r
.etc.

! You can't use `macro parameter character #' in vertical mode.
l.635 #
       define mxWrapGetArrayDef(func, T) \
? 
! Missing $ inserted.
<inserted text> 
                $
<to be read again> 
                   _
l.643     if (!a || mxGetClassID(a) != mxDOUBLE_
                                                CLASS) { \
? 
! Extra }, or forgotten $.
l.654 }
       
? 
! Missing $ inserted.
<inserted text> 
                $
<to be read again> 
                   \par 
l.655 
      
? 

Overfull \hbox (300.42998pt too wide) in paragraph at lines 635--655
\tenrm ray-len;  mwIn-dex i;  T* p;  do-uble* q;  if (!a || mxGetC-las-sID(a) !
= mxDOUBLE$[]\teni LASS\tenrm )[] \teni arraylen \tenrm =|

\hbox(7.5+2.5)x469.75499, glue set - 1.0
.\tenrm r
.\tenrm a
.\kern-0.27779
.\tenrm y
.\discretionary
..\tenrm -
.etc.

! You can't use `macro parameter character #' in vertical mode.
l.657 #
       define mxWrapCopyDef(func, T) \
? 
! You can't use `macro parameter character #' in vertical mode.
l.667 #
       define mxWrapReturnDef(func, T) \
? 
! You can't use `macro parameter character #' in vertical mode.
l.684 #
       define mxWrapGetScalarZDef(func, T, ZT, setz) \
? 
[2]
! You can't use `macro parameter character #' in vertical mode.
l.693 #
       define mxWrapGetArrayZDef(func, T, ZT, setz) \
? 
! Missing $ inserted.
<inserted text> 
                $
<to be read again> 
                   _
l.702     if (!a || mxGetClassID(a) != mxDOUBLE_
                                                CLASS) { \
? 
! Extra }, or forgotten $.
l.718 }
       
? 
! Missing $ inserted.
<inserted text> 
                $
<to be read again> 
                   \par 
l.719 
      
? 

Overfull \hbox (2.86008pt too wide) in paragraph at lines 693--719
\tenrm mxDOUBLE$[]\teni LASS\tenrm )[] \teni arraylen \tenrm =|

\hbox(7.5+2.5)x469.75499, glue set - 1.0
.\tenrm m
.\tenrm x
.\tenrm D
.\tenrm O
.\tenrm U
.etc.


Overfull \hbox (0.13004pt too wide) in paragraph at lines 693--719
\teni mxGetM\tenrm (\teni a\tenrm ) \tensy ^^C \teni mxGetN\tenrm (\teni a\tenr
m );  \teni array \tenrm = (\teni T\tensy ^^C\tenrm )\teni mxMalloc\tenrm (\ten
i mxGetM\tenrm (\teni a\tenrm ) \tensy ^^C \teni mxGetN\tenrm (\teni a\tenrm ) 
\tensy ^^C \teni sizeof\tenrm (\teni T\tenrm ));  \teni p \tenrm = \teni array\
tenrm ;  \teni qr \tenrm =|

\hbox(7.5+2.5)x469.75499, glue set - 1.0
.\teni m
.\teni x
.\teni G
.\teni e
.\teni t
.etc.


Overfull \hbox (260.48026pt too wide) in paragraph at lines 693--719
\teni mxGetPr\tenrm (\teni a\tenrm );  \teni qi \tenrm = \teni mxGetPi\tenrm (\
teni a\tenrm );  \teni for\tenrm (\teni i \tenrm = 0; \teni i < arraylen\tenrm 
; + + \teni i\tenrm )[] \teni returnarray\tenrm ; $ |

\hbox(7.5+2.86108)x469.75499, glue set - 1.0
.\teni m
.\teni x
.\teni G
.\teni e
.\teni t
.etc.

! You can't use `macro parameter character #' in vertical mode.
l.721 #
       define mxWrapCopyZDef(func, T, real, imag) \
? 
! You can't use `macro parameter character #' in vertical mode.
l.735 #
       define mxWrapReturnZDef(func, T, real, imag) \
? 
! Missing $ inserted.
<inserted text> 
                $
<to be read again> 
                   _
l.761 void* mxWrapGetP_
                       single(const mxArray* a, const char* fmt, const char*...

? 
! You can't use `macro parameter character #' in math mode.
l.764 #
       ifdef R2008OO
? 
! You can't use `macro parameter character #' in math mode.
l.766 #
       endif
? 
! Misplaced alignment tab character &.
l.767     if (mxGetClassID(a) == mxSINGLE_CLASS &
                                                 &
? 
! Misplaced alignment tab character &.
l.767     if (mxGetClassID(a) == mxSINGLE_CLASS &&
                                                  
? 
! Misplaced alignment tab character &.
l.768         mxGetM(a)*mxGetN(a) == 1 &
                                        & *((float*)mxGetData(a)) == 0)
? 
! Misplaced alignment tab character &.
l.768         mxGetM(a)*mxGetN(a) == 1 &&
                                          *((float*)mxGetData(a)) == 0)
? 
! Misplaced alignment tab character &.
l.773         sscanf(pbuf, fmt, &
                                 p);
? 
! You can't use `macro parameter character #' in math mode.
l.775 #
       ifdef R2008OO
? 
! You can't use `macro parameter character #' in math mode.
l.779 #
       endif
? 
! Missing $ inserted.
<inserted text> 
                $
<to be read again> 
                   \par 
l.784 
      
? 

Overfull \hbox (1671.63469pt too wide) in paragraph at lines 761--784
[]\tenrm void* mxWrapGetP$[]\teni ingle\tenrm (\teni constmxArray \tensy ^^C \t
eni a; constchar \tensy ^^C \teni fmt; constchar \tensy ^^C ^^C\teni e\tenrm )[
]$ |

\hbox(7.5+2.5)x469.75499, glue set - 1.0
.\hbox(0.0+0.0)x20.0
.\tenrm v
.\kern-0.27779
.\tenrm o
.\tenrm i
.etc.

! Missing $ inserted.
<inserted text> 
                $
<to be read again> 
                   _
l.785 mxArray* mxWrapCreateP_
                             single(void* p, const char* fmt)
? 
! Missing $ inserted.
<inserted text> 
                $
<to be read again> 
                   \par 
l.807 
      
? 

Overfull \hbox (754.00647pt too wide) in paragraph at lines 785--807
[]\tenrm mxArray* mxWrapCreateP$[]\teni ingle\tenrm (\teni void \tensy ^^C \ten
i p; constchar \tensy ^^C \teni fmt\tenrm )[]\teni mxArray \tensy ^^C|

\hbox(7.5+2.5)x469.75499, glue set - 1.0
.\hbox(0.0+0.0)x20.0
.\tenrm m
.\tenrm x
.\tenrm A
.\tenrm r
.etc.


Overfull \hbox (388.94083pt too wide) in paragraph at lines 785--807
\teni mxWrapStrncpy[]ingle\tenrm (\teni constchar \tensy ^^C \teni s\tenrm )[]$
 |

\hbox(7.5+2.5)x469.75499, glue set - 1.0
.\teni m
.\teni x
.\teni W
.\kern1.3889
.\teni r
.etc.

! Missing $ inserted.
<inserted text> 
                $
<to be read again> 
                   _
l.808 float mxWrapGetScalar_
                            single(const mxArray* a, const char** e)
? 
! Missing $ inserted.
<inserted text> 
                $
<to be read again> 
                   \par 
l.816 
      
? 

Overfull \hbox (522.37428pt too wide) in paragraph at lines 808--816
[]\tenrm float mxWrapGetScalar$[]\teni ingle\tenrm (\teni constmxArray \tensy ^
^C \teni a; constchar \tensy ^^C ^^C\teni e\tenrm )[]$ |

\hbox(7.5+2.5)x469.75499, glue set - 1.0
.\hbox(0.0+0.0)x20.0
.\tenrm ^^M (ligature fl)
.\tenrm o
.\tenrm a
.\tenrm t
.etc.

! Missing $ inserted.
<inserted text> 
                $
<to be read again> 
                   _
l.817 char* mxWrapGetString_
                            single(const mxArray* a, const char** e)
? 
! Misplaced alignment tab character &.
l.821     if (!a || (!mxIsChar(a) &
                                   & mxGetM(a)*mxGetN(a) > 0)) {
? 
! Misplaced alignment tab character &.
l.821     if (!a || (!mxIsChar(a) &&
                                     mxGetM(a)*mxGetN(a) > 0)) {
? 
! Missing $ inserted.
<inserted text> 
                $
<to be read again> 
                   \par 
l.833 
      
? 

Overfull \hbox (1164.06485pt too wide) in paragraph at lines 817--833
[]\tenrm char* mxWrapGetString$[]\teni ingle\tenrm (\teni constmxArray \tensy ^
^C \teni a; constchar \tensy ^^C ^^C\teni e\tenrm )[]$ |

\hbox(7.5+2.5)x469.75499, glue set - 1.0
.\hbox(0.0+0.0)x20.0
.\tenrm c
.\kern-0.27779
.\tenrm h
.\tenrm a
.etc.

! You can't use `macro parameter character #' in vertical mode.
l.835 #
       define mxWrapGetArrayDef_single(func, T) \
? 
! Missing $ inserted.
<inserted text> 
                $
<to be read again> 
                   _
l.835 #define mxWrapGetArrayDef_
                                single(func, T) \
? 
! Missing $ inserted.
<inserted text> 
                $
<to be read again> 
                   \par 
l.855 
      
? 

Overfull \hbox (1690.98347pt too wide) in paragraph at lines 835--855
[]\tenrm define mxWrapGetArrayDef$[]\teni ingle\tenrm (\teni func; T\tenrm ) \t
eni T \tensy ^^C \teni func\tenrm (\teni constmxArray \tensy ^^C \teni a; const
char \tensy ^^C ^^C\teni e\tenrm ) []$ |

\hbox(7.5+2.5)x469.75499, glue set - 1.0
.\hbox(0.0+0.0)x20.0
.\tenrm d
.\tenrm e
.\tenrm ^^L (ligature fi)
.\tenrm n
.etc.

! You can't use `macro parameter character #' in vertical mode.
l.857 #
       define mxWrapCopyDef_single(func, T) \
? 
! Missing $ inserted.
<inserted text> 
                $
<to be read again> 
                   _
l.857 #define mxWrapCopyDef_
                            single(func, T) \
? 
! Missing $ inserted.
<inserted text> 
                $
<to be read again> 
                   \par 
l.865 
      
? 

Overfull \hbox (322.32703pt too wide) in paragraph at lines 857--865
[]\tenrm define mxWrapCopyDef$[]\teni ingle\tenrm (\teni func; T\tenrm ) \teni 
voidfunc\tenrm (\teni mxArray \tensy ^^C \teni a; constT \tensy ^^C \teni q; mw
Sizen\tenrm ) []$ |

\hbox(7.5+2.5)x469.75499, glue set - 1.0
.\hbox(0.0+0.0)x20.0
.\tenrm d
.\tenrm e
.\tenrm ^^L (ligature fi)
.\tenrm n
.etc.

! You can't use `macro parameter character #' in vertical mode.
l.867 #
       define mxWrapReturnDef_single(func, T) \
? 
! Missing $ inserted.
<inserted text> 
                $
<to be read again> 
                   _
l.867 #define mxWrapReturnDef_
                              single(func, T) \
? 
! Missing $ inserted.
<inserted text> 
                $
<to be read again> 
                   \par 
l.882 
      
? 

Overfull \hbox (1170.5849pt too wide) in paragraph at lines 867--882
[]\tenrm define mxWrapReturnDef$[]\teni ingle\tenrm (\teni func; T\tenrm ) \ten
i mxArray \tensy ^^C \teni func\tenrm (\teni constT \tensy ^^C \teni q; mwSizem
; mwSizen\tenrm ) []$ |

\hbox(7.5+2.5)x469.75499, glue set - 1.0
.\hbox(0.0+0.0)x20.0
.\tenrm d
.\tenrm e
.\tenrm ^^L (ligature fi)
.\tenrm n
.etc.

! You can't use `macro parameter character #' in vertical mode.
l.884 #
       define mxWrapGetScalarZDef_single(func, T, ZT, setz) \
? 
! Missing $ inserted.
<inserted text> 
                $
<to be read again> 
                   _
l.884 #define mxWrapGetScalarZDef_
                                  single(func, T, ZT, setz) \
? 
! Missing $ inserted.
<inserted text> 
                $
<to be read again> 
                   \par 
l.891 
      
? 

Overfull \hbox (479.0048pt too wide) in paragraph at lines 884--891
[]\tenrm define mxWrapGetScalarZDef$[]\teni ingle\tenrm (\teni func; T; ZT; set
z\tenrm ) \teni voidfunc\tenrm (\teni T \tensy ^^C \teni z; constmxArray \tensy
 ^^C \teni a\tenrm ) []$ |

\hbox(7.5+2.5)x469.75499, glue set - 1.0
.\hbox(0.0+0.0)x20.0
.\tenrm d
.\tenrm e
.\tenrm ^^L (ligature fi)
.\tenrm n
.etc.

! You can't use `macro parameter character #' in vertical mode.
l.893 #
       define mxWrapGetArrayZDef_single(func, T, ZT, setz) \
? 
! Missing $ inserted.
<inserted text> 
                $
<to be read again> 
                   _
l.893 #define mxWrapGetArrayZDef_
                                 single(func, T, ZT, setz) \
? 
! Missing $ inserted.
<inserted text> 
                $
<to be read again> 
                   \par 
l.919 
      
? 

Overfull \hbox (2236.09647pt too wide) in paragraph at lines 893--919
[]\tenrm define mxWrapGetArrayZDef$[]\teni ingle\tenrm (\teni func; T; ZT; setz
\tenrm ) \teni T \tensy ^^C \teni func\tenrm (\teni constmxArray \tensy ^^C \te
ni a; constchar \tensy ^^C ^^C\teni e\tenrm ) []$ |

\hbox(7.5+2.86108)x469.75499, glue set - 1.0
.\hbox(0.0+0.0)x20.0
.\tenrm d
.\tenrm e
.\tenrm ^^L (ligature fi)
.\tenrm n
.etc.

! You can't use `macro parameter character #' in vertical mode.
l.921 #
       define mxWrapCopyZDef_single(func, T, real, imag) \
? 
! Missing $ inserted.
<inserted text> 
                $
<to be read again> 
                   _
l.921 #define mxWrapCopyZDef_
                             single(func, T, real, imag) \
? 
! Missing $ inserted.
<inserted text> 
                $
<to be read again> 
                   \par 
l.933 
      
? 

Overfull \hbox (707.3165pt too wide) in paragraph at lines 921--933
[]\tenrm define mxWrapCopyZDef$[]\teni ingle\tenrm (\teni func; T; real; imag\t
enrm ) \teni voidfunc\tenrm (\teni mxArray \tensy ^^C \teni a; constT \tensy ^^
C \teni q; mwSizen\tenrm ) []$ |

\hbox(7.5+2.5)x469.75499, glue set - 1.0
.\hbox(0.0+0.0)x20.0
.\tenrm d
.\tenrm e
.\tenrm ^^L (ligature fi)
.\tenrm n
.etc.

! You can't use `macro parameter character #' in vertical mode.
l.935 #
       define mxWrapReturnZDef_single(func, T, real, imag) \
? 
! Missing $ inserted.
<inserted text> 
                $
<to be read again> 
                   _
l.935 #define mxWrapReturnZDef_
                               single(func, T, real, imag) \
? 
! Missing $ inserted.
<inserted text> 
                $
<to be read again> 
                   \par 
l.955 
      
? 

Overfull \hbox (1631.48721pt too wide) in paragraph at lines 935--955
[]\tenrm define mxWrapReturnZDef$[]\teni ingle\tenrm (\teni func; T; real; imag
\tenrm ) \teni mxArray \tensy ^^C \teni func\tenrm (\teni constT \tensy ^^C \te
ni q; mwSizem; mwSizen\tenrm ) []$ |

\hbox(7.5+2.5)x469.75499, glue set - 1.0
.\hbox(0.0+0.0)x20.0
.\tenrm d
.\tenrm e
.\tenrm ^^L (ligature fi)
.\tenrm n
.etc.

! You can't use `macro parameter character #' in vertical mode.
l.960 #
       endif
? 
! You can't use `macro parameter character #' in vertical mode.
l.962 #
       include <complex>
? 
! You can't use `macro parameter character #' in horizontal mode.
l.965 #
       define real_dcomplex(z) std::real(z)
? 
! Missing $ inserted.
<inserted text> 
                $
<to be read again> 
                   _
l.965 #define real_
                   dcomplex(z) std::real(z)
? 
! You can't use `macro parameter character #' in math mode.
l.966 #
       define imag_dcomplex(z) std::imag(z)
? 
! You can't use `macro parameter character #' in math mode.
l.967 #
       define setz_dcomplex(z,r,i)  *z = dcomplex(r,i)
? 
! Missing $ inserted.
<inserted text> 
                $
<to be read again> 
                   \par 
l.968 
      
? 

Overfull \hbox (5.97227pt too wide) in paragraph at lines 964--968
[]\tenrm typedef std::complex<double> dcom-plex; de-fine real$[]\teni complex\t
enrm (\teni z\tenrm )\teni std \tenrm :: \teni real\tenrm (\teni z\tenrm )\teni
 defineimag[]complex\tenrm (\teni z\tenrm )\teni std \tenrm ::|

\hbox(7.5+2.5)x469.75499, glue set - 1.0
.\hbox(0.0+0.0)x20.0
.\tenrm t
.\kern-0.27779
.\tenrm y
.\tenrm p
.etc.

! You can't use `macro parameter character #' in horizontal mode.
l.970 #
       define real_fcomplex(z) std::real(z)
? 
! Missing $ inserted.
<inserted text> 
                $
<to be read again> 
                   _
l.970 #define real_
                   fcomplex(z) std::real(z)
? 
! You can't use `macro parameter character #' in math mode.
l.971 #
       define imag_fcomplex(z) std::imag(z)
? 
! You can't use `macro parameter character #' in math mode.
l.972 #
       define setz_fcomplex(z,r,i)  *z = fcomplex(r,i)
? 
! Missing $ inserted.
<inserted text> 
                $
<to be read again> 
                   \par 
l.973 
      
? 
! You can't use `macro parameter character #' in vertical mode.
l.974  #
        include <finufft.h>
? 
! You can't use `macro parameter character #' in horizontal mode.
l.975  #
        include <mex.h>
? 
! You can't use `macro parameter character #' in horizontal mode.
l.976  #
        include <iostream>
? 
! You can't use `macro parameter character #' in horizontal mode.
l.977  #
        include <cstring>
? 
! You can't use `macro parameter character #' in horizontal mode.
l.978  #
        include <math.h>
? 
! Missing $ inserted.
<inserted text> 
                $
<to be read again> 
                   _
l.979  void copy_
                 nufft_opts(const mxArray* om, nufft_opts *oc) {
? 
! Missing $ inserted.
<inserted text> 
                $
<to be read again> 
                   \par 
l.1040 
       
? 

Overfull \hbox (83.84387pt too wide) in paragraph at lines 974--1040
[]\tenrm include <fi-nufft.h> in-c-lude <mex.h> in-c-lude <io-stream> in-c-lude
 <cstring> in-c-lude <math.h> void copy$[]\teni ufft[]pts\tenrm (\teni constmxA
rray \tensy ^^C|

\hbox(7.5+2.5)x469.75499, glue set - 1.0
.\hbox(0.0+0.0)x20.0
.\tenrm i
.\tenrm n
.\tenrm c
.\tenrm l
.etc.


Overfull \hbox (10504.78009pt too wide) in paragraph at lines 974--1040
\teni om; nufft[]pts \tensy ^^C \teni oc\tenrm )[]\teni voidfinufft[]ex[]etup\t
enrm ()[]$ |

\hbox(7.5+2.5)x469.75499, glue set - 1.0
.\teni o
.\teni m
.\teni ;
.\glue(\thinmuskip) 1.66663
.\teni n
.etc.

! Missing $ inserted.
<inserted text> 
                $
<to be read again> 
                   _
l.1044 mxWrapGetArrayDef(mxWrapGetArray_
                                        bool, bool)
? 
! Missing $ inserted.
<inserted text> 
                $
<to be read again> 
                   \par 
l.1136 
       
? 

Overfull \hbox (21271.30746pt too wide) in paragraph at lines 1043--1136
[]\tenrm /* Ar-ray co-pier de-fi-ni-tions */ mxWrapGetArrayDef(mxWrapGetArray$[
]\teni ool; bool\tenrm )\teni mxWrapCopyDef\tenrm (\teni mxWrapCopy[]ool; bool\
tenrm )\teni mxWrapReturnDef\tenrm (\teni mxWrapReturn[]ool; bool\tenrm )\teni 
mxWrapGetArrayDef[]ingle\tenrm (\teni mxWrapGetArray[]ingle[]ool; bool\tenrm )\
teni mxWrapCopyDef[]ingle\tenrm (\teni mxWrapCopy[]ingle[]ool; bool\tenrm )\ten
i mxWrapReturnDef[]ingle\tenrm (\teni mxWrapReturn[]ingle[]ool; bool\tenrm )\te
ni mxWrapGetArrayDef\tenrm (\teni mxWrapGetArray[]har; char\tenrm )\teni mxWrap
CopyDef\tenrm (\teni mxWrapCopy[]har; char\tenrm )\teni mxWrapReturnDef\tenrm (
\teni mxWrapReturn[]har; char\tenrm )\teni mxWrapGetArrayDef[]ingle\tenrm (\ten
i mxWrapGetArray[]ingle[]har; char\tenrm )\teni mxWrapCopyDef[]ingle\tenrm (\te
ni mxWrapCopy[]ingle[]har; char\tenrm )\teni mxWrapReturnDef[]ingle\tenrm (\ten
i mxWrapReturn[]ingle[]har; char\tenrm )\teni mxWrapGetArrayDef\tenrm (\teni mx
WrapGetArray[]ouble; double\tenrm )\teni mxWrapCopyDef\tenrm (\teni mxWrapCopy[
]ouble; double\tenrm )\teni mxWrapReturnDef\tenrm (\teni mxWrapReturn[]ouble; d
ouble\tenrm )\teni mxWrapGetArrayDef[]ingle\tenrm (\teni mxWrapGetArray[]ingle[
]ouble; double\tenrm )\teni mxWrapCopyDef[]ingle\tenrm (\teni mxWrapCopy[]ingle
[]ouble; double\tenrm )\teni mxWrapReturnDef[]ingle\tenrm (\teni mxWrapReturn[]
ingle[]ouble; double\tenrm )\teni mxWrapGetArrayDef\tenrm (\teni mxWrapGetArray
[]loat; float\tenrm )\teni mxWrapCopyDef\tenrm (\teni mxWrapCopy[]loat; float\t
enrm )\teni mxWrapReturnDef\tenrm (\teni mxWrapReturn[]loat; float\tenrm )\teni
 mxWrapGetArrayDef[]ingle\tenrm (\teni mxWrapGetArray[]ingle[]loat; float\tenrm
 )\teni mxWrapCopyDef[]ingle\tenrm (\teni mxWrapCopy[]ingle[]loat; float\tenrm 
)\teni mxWrapReturnDef[]ingle\tenrm (\teni mxWrapReturn[]ingle[]loat; float\ten
rm )\teni mxWrapGetArrayDef\tenrm (\teni mxWrapGetArray[]nt; int\tenrm )\teni m
xWrapCopyDef\tenrm (\teni mxWrapCopy[]nt; int\tenrm )\teni mxWrapReturnDef\tenr
m (\teni mxWrapReturn[]nt; int\tenrm )\teni mxWrapGetArrayDef[]ingle\tenrm (\te
ni mxWrapGetArray[]ingle[]nt; int\tenrm )\teni mxWrapCopyDef[]ingle\tenrm (\ten
i mxWrapCopy[]ingle[]nt; int\tenrm )\teni mxWrapReturnDef[]ingle\tenrm (\teni m
xWrapReturn[]ingle[]nt; int\tenrm )\teni mxWrapGetArrayDef\tenrm (\teni mxWrapG
etArray[]nt\tenrm 64[]\teni ; int\tenrm 64[])\teni mxWrapCopyDef\tenrm (\teni m
xWrapCopy[]nt\tenrm 64[]\teni ; int\tenrm 64[])\teni mxWrapReturnDef\tenrm (\te
ni mxWrapReturn[]nt\tenrm 64[]\teni ; int\tenrm 64[])\teni mxWrapGetArrayDef[]i
ngle\tenrm (\teni mxWrapGetArray[]ingle[]nt\tenrm 64[]\teni ; int\tenrm 64[])\t
eni mxWrapCopyDef[]ingle\tenrm (\teni mxWrapCopy[]ingle[]nt\tenrm 64[]\teni ; i
nt\tenrm 64[])\teni mxWrapReturnDef[]ingle\tenrm (\teni mxWrapReturn[]ingle[]nt
\tenrm 64[]\teni ; int\tenrm 64[])\teni mxWrapGetArrayDef\tenrm (\teni mxWrapGe
tArray[]ong; long\tenrm )\teni mxWrapCopyDef\tenrm (\teni mxWrapCopy[]ong; long
\tenrm )\teni mxWrapReturnDef\tenrm (\teni mxWrapReturn[]ong; long\tenrm )\teni
 mxWrapGetArrayDef[]ingle\tenrm (\teni mxWrapGetArray[]ingle[]ong; long\tenrm )
\teni mxWrapCopyDef[]ingle\tenrm (\teni mxWrapCopy[]ingle[]ong; long\tenrm )\te
ni mxWrapReturnDef[]ingle\tenrm (\teni mxWrapReturn[]ingle[]ong; long\tenrm )\t
eni mxWrapGetArrayDef\tenrm (\teni mxWrapGetArray[]trdiff[]; ptrdiff[]\tenrm )\
teni mxWrapCopyDef\tenrm (\teni mxWrapCopy[]trdiff[]; ptrdiff[]\tenrm )\teni mx
WrapReturnDef\tenrm (\teni mxWrapReturn[]trdiff[]; ptrdiff[]\tenrm )\teni mxWra
pGetArrayDef[]ingle\tenrm (\teni mxWrapGetArray[]ingle[]trdiff[]; ptrdiff[]\ten
rm )\teni mxWrapCopyDef[]ingle\tenrm (\teni mxWrapCopy[]ingle[]trdiff[]; ptrdif
f[]\tenrm )\teni mxWrapReturnDef[]ingle\tenrm (\teni mxWrapReturn[]ingle[]trdif
f[]; ptrdiff[]\tenrm )\teni mxWrapGetArrayDef\tenrm (\teni mxWrapGetArray[]hort
; short\tenrm )\teni mxWrapCopyDef\tenrm (\teni mxWrapCopy[]hort; short\tenrm )
\teni mxWrapReturnDef\tenrm (\teni mxWrapReturn[]hort; short\tenrm )\teni mxWra
pGetArrayDef[]ingle\tenrm (\teni mxWrapGetArray[]ingle[]hort; short\tenrm )\ten
i mxWrapCopyDef[]ingle\tenrm (\teni mxWrapCopy[]ingle[]hort; short\tenrm )\teni
 mxWrapReturnDef[]ingle\tenrm (\teni mxWrapReturn[]ingle[]hort; short\tenrm )\t
eni mxWrapGetArrayDef\tenrm (\teni mxWrapGetArray[]ize[]; size[]\tenrm )\teni m
xWrapCopyDef\tenrm (\teni mxWrapCopy[]ize[]; size[]\tenrm )\teni mxWrapReturnDe
f\tenrm (\teni mxWrapReturn[]ize[]; size[]\tenrm )\teni mxWrapGetArrayDef[]ingl
e\tenrm (\teni mxWrapGetArray[]ingle[]ize[]; size[]\tenrm )\teni mxWrapCopyDef[
]ingle\tenrm (\teni mxWrapCopy[]ingle[]ize[]; size[]\tenrm )\teni mxWrapReturnD
ef[]ingle\tenrm (\teni mxWrapReturn[]ingle[]ize[]; size[]\tenrm )\teni mxWrapGe
tScalarZDef\tenrm (\teni mxWrapGetScalar[]complex; fcomplex; float; setz[]compl
ex\tenrm )\teni mxWrapGetArrayZDef\tenrm (\teni mxWrapGetArray[]complex; fcompl
ex; float; setz[]complex\tenrm )\teni mxWrapCopyZDef\tenrm (\teni mxWrapCopy[]c
omplex; fcomplex; real[]complex; imag[]complex\tenrm )\teni mxWrapReturnZDef\te
nrm (\teni mxWrapReturn[]complex; fcomplex; real[]complex; imag[]complex\tenrm 
)\teni mxWrapGetScalarZDef[]ingle\tenrm (\teni mxWrapGetScalar[]ingle[]complex;
 fcomplex; float; setz[]complex\tenrm )\teni mxWrapGetArrayZDef[]ingle\tenrm (\
teni mxWrapGetArray[]ingle[]complex; fcomplex; float; setz[]complex\tenrm )\ten
i mxWrapCopyZDef[]ingle\tenrm (\teni mxWrapCopy[]ingle[]complex; fcomplex; real
[]complex; imag[]complex\tenrm )\teni mxWrapReturnZDef[]ingle\tenrm (\teni mxWr
apReturn[]ingle[]complex; fcomplex; real[]complex; imag[]complex\tenrm )\teni m
xWrapGetScalarZDef\tenrm (\teni mxWrapGetScalar[]complex; dcomplex; double; set
z[]complex\tenrm )\teni mxWrapGetArrayZDef\tenrm (\teni mxWrapGetArray[]complex
; dcomplex; double; setz[]complex\tenrm )\teni mxWrapCopyZDef\tenrm (\teni mxWr
apCopy[]complex; dcomplex; real[]complex; imag[]complex\tenrm )\teni mxWrapRetu
rnZDef\tenrm (\teni mxWrapReturn[]complex; dcomplex; real[]complex; imag[]compl
ex\tenrm )\teni mxWrapGetScalarZDef[]ingle\tenrm (\teni mxWrapGetScalar[]ingle[
]complex; dcomplex; double; setz[]complex\tenrm )\teni mxWrapGetArrayZDef[]ingl
e\tenrm (\teni mxWrapGetArray[]ingle[]complex; dcomplex; double; setz[]complex\
tenrm )\teni mxWrapCopyZDef[]ingle\tenrm (\teni mxWrapCopy[]ingle[]complex; dco
mplex; real[]complex; imag[]complex\tenrm )\teni mxWrapReturnZDef[]ingle\tenrm 
(\teni mxWrapReturn[]ingle[]complex; dcomplex; real[]complex; imag[]complex\ten
rm )$ |

\hbox(7.5+2.86108)x469.75499, glue set - 1.0
.\hbox(0.0+0.0)x20.0
.\tenrm /
.\tenrm *
.\glue 3.33333 plus 1.66666 minus 1.11111
.\tenrm A
.etc.

! Missing $ inserted.
<inserted text> 
                $
<to be read again> 
                   _
l.1138  * finufft_
                  mex_setup();
? 
! Missing $ inserted.
<inserted text> 
                $
<to be read again> 
                   \par 
l.1141 
       
? 
! Missing $ inserted.
<inserted text> 
                $
<to be read again> 
                   _
l.1145     const char* mw_
                          err_txt_ = 0;
? 
! Missing $ inserted.
<inserted text> 
                $
<to be read again> 
                   \par 
l.1149 
       
? 

Overfull \hbox (152.86285pt too wide) in paragraph at lines 1142--1149
[]\tenrm void me-xStub1(int nlhs, mxAr-ray* plhs[], int nrhs, const mxAr-ray* p
rhs[])  const char* mw$[]\teni rr[]xt[]\tenrm 0; \teni if\tenrm (\teni mexprofr
ecord[]mexprofrecord[]\tenrm 1] +|

\hbox(7.5+3.55557)x469.75499, glue set - 1.0
.\hbox(0.0+0.0)x20.0
.\tenrm v
.\kern-0.27779
.\tenrm o
.\tenrm i
.etc.

! Missing $ inserted.
<inserted text> 
                $
<to be read again> 
                   _
l.1150 mw_
          err_label:
? 
! Extra }, or forgotten $.
l.1153 }
        
? 
! Missing $ inserted.
<inserted text> 
                $
<to be read again> 
                   \par 
l.1154 
       
? 
! Missing $ inserted.
<inserted text> 
                $
<to be read again> 
                   _
l.1156  * nufft_
                opts* o = new();
? 
! Missing $ inserted.
<inserted text> 
                $
<to be read again> 
                   \par 
l.1159 
       
? 
! Missing $ inserted.
<inserted text> 
                $
<to be read again> 
                   _
l.1163     const char* mw_
                          err_txt_ = 0;
? 
! Missing $ inserted.
<inserted text> 
                $
<to be read again> 
                   \par 
l.1165 
       
? 

Overfull \hbox (30.85884pt too wide) in paragraph at lines 1160--1165
[]\tenrm void me-xStub2(int nlhs, mxAr-ray* plhs[], int nrhs, const mxAr-ray* p
rhs[])  const char* mw$[]\teni rr[]xt[]\tenrm 0; \teni nufft[]pts \tensy ^^C|

\hbox(7.5+2.5)x469.75499, glue set - 1.0
.\hbox(0.0+0.0)x20.0
.\tenrm v
.\kern-0.27779
.\tenrm o
.\tenrm i
.etc.

! Missing $ inserted.
<inserted text> 
                $
<to be read again> 
                   _
l.1166     if (mexprofrecord_
                             )
? 
! Missing $ inserted.
<inserted text> 
                $
<to be read again> 
                   \par 
l.1170 
       
? 

Overfull \hbox (32.03188pt too wide) in paragraph at lines 1166--1170
[]\tenrm if (mexprofrecord$[]\teni mexprofrecord[]\tenrm 2] + +; \teni out\tenr
m 0[]\teni newnufft[]pts\tenrm (); \teni plhs\tenrm [0] = \teni mxWrapCreateP\t
enrm (\teni out\tenrm 0[]"\teni nufft[]pts \tenrm :$ |

\hbox(7.5+3.55557)x469.75499, glue set - 1.0
.\hbox(0.0+0.0)x20.0
.\tenrm i
.\tenrm f
.\glue 3.33333 plus 1.66666 minus 1.11111
.\tenrm (
.etc.

! Missing $ inserted.
<inserted text> 
                $
<to be read again> 
                   _
l.1171 mw_
          err_label:
? 
! Extra }, or forgotten $.
l.1174 }
        
? 
! Missing $ inserted.
<inserted text> 
                $
<to be read again> 
                   \par 
l.1175 
       
? 
! Missing $ inserted.
<inserted text> 
                $
<to be read again> 
                   _
l.1177  * finufft_
                  plan* p = new();
? 
! Missing $ inserted.
<inserted text> 
                $
<to be read again> 
                   \par 
l.1180 
       
? 
! Missing $ inserted.
<inserted text> 
                $
<to be read again> 
                   _
l.1184     const char* mw_
                          err_txt_ = 0;
? 
! Missing $ inserted.
<inserted text> 
                $
<to be read again> 
                   \par 
l.1186 
       
? 

Overfull \hbox (41.5903pt too wide) in paragraph at lines 1181--1186
[]\tenrm void me-xStub3(int nlhs, mxAr-ray* plhs[], int nrhs, const mxAr-ray* p
rhs[])  const char* mw$[]\teni rr[]xt[]\tenrm 0; \teni finufft[]lan \tensy ^^C|


\hbox(7.5+2.86108)x469.75499, glue set - 1.0
.\hbox(0.0+0.0)x20.0
.\tenrm v
.\kern-0.27779
.\tenrm o
.\tenrm i
.etc.

! Missing $ inserted.
<inserted text> 
                $
<to be read again> 
                   _
l.1187     if (mexprofrecord_
                             )
? 
! Missing $ inserted.
<inserted text> 
                $
<to be read again> 
                   \par 
l.1191 
       
? 

Overfull \hbox (53.4948pt too wide) in paragraph at lines 1187--1191
[]\tenrm if (mexprofrecord$[]\teni mexprofrecord[]\tenrm 3] + +; \teni out\tenr
m 0[]\teni newfinufft[]lan\tenrm (); \teni plhs\tenrm [0] = \teni mxWrapCreateP
\tenrm (\teni out\tenrm 0[]"\teni finufft[]lan \tenrm :$ |

\hbox(7.5+3.55557)x469.75499, glue set - 1.0
.\hbox(0.0+0.0)x20.0
.\tenrm i
.\tenrm f
.\glue 3.33333 plus 1.66666 minus 1.11111
.\tenrm (
.etc.

! Missing $ inserted.
<inserted text> 
                $
<to be read again> 
                   _
l.1192 mw_
          err_label:
? 
! Extra }, or forgotten $.
l.1195 }
        
? 
! Missing $ inserted.
<inserted text> 
                $
<to be read again> 
                   \par 
l.1196 
       
? 
! Missing $ inserted.
<inserted text> 
                $
<to be read again> 
                   _
l.1198  * finufft_
                  default_opts(nufft_opts* o);
? 
! Missing $ inserted.
<inserted text> 
                $
<to be read again> 
                   \par 
l.1201 
       
? 

Overfull \hbox (99.83134pt too wide) in paragraph at lines 1197--1201
[]\tenrm /* ---- fi-nufft.mw: 170 ---- * finufft$[]\teni efault[]pts\tenrm (\te
ni nufft[]pts \tensy ^^C \teni o\tenrm ); \tensy ^^C\teni =staticconstchar \ten
sy ^^C \teni stubids\tenrm 4[]"\teni finufft[]efault[]pts\tenrm (\teni inufft[]
pts\tensy ^^C\tenrm )";$ |

\hbox(7.5+2.5)x469.75499, glue set - 1.0
.\hbox(0.0+0.0)x20.0
.\tenrm /
.\tenrm *
.\glue 3.33333 plus 1.66666 minus 1.11111
.\tenrm | (ligature ---)
.etc.

! Missing $ inserted.
<inserted text> 
                $
<to be read again> 
                   _
l.1205     const char* mw_
                          err_txt_ = 0;
? 
! Missing $ inserted.
<inserted text> 
                $
<to be read again> 
                   \par 
l.1207 
       
? 

Overfull \hbox (30.85884pt too wide) in paragraph at lines 1202--1207
[]\tenrm void me-xStub4(int nlhs, mxAr-ray* plhs[], int nrhs, const mxAr-ray* p
rhs[])  const char* mw$[]\teni rr[]xt[]\tenrm 0; \teni nufft[]pts \tensy ^^C|

\hbox(7.5+2.5)x469.75499, glue set - 1.0
.\hbox(0.0+0.0)x20.0
.\tenrm v
.\kern-0.27779
.\tenrm o
.\tenrm i
.etc.

! Missing $ inserted.
<inserted text> 
                $
<to be read again> 
                   _
l.1208     in0_
                = (nufft_opts*) mxWrapGetP(prhs[0], "nufft_opts:%p", &mw_err...

? 
! Missing $ inserted.
<inserted text> 
                $
<to be read again> 
                   \par 
l.1214 
       
? 

Overfull \hbox (94.25362pt too wide) in paragraph at lines 1208--1214
[]\tenrm in0$[](\teni nufft[]pts\tensy ^^C\tenrm )\teni mxWrapGetP\tenrm (\teni
 prhs\tenrm [0]\teni ; \tenrm "\teni nufft[]pts \tenrm : \teni if\tenrm (\teni 
mw[]rr[]xt[]gotomw[]rr[]abel\tenrm ; \teni if\tenrm (\teni mexprofrecord[]mexpr
ofrecord[]\tenrm 4] +|

\hbox(7.5+3.55557)x469.75499, glue set - 1.0
.\hbox(0.0+0.0)x20.0
.\tenrm i
.\tenrm n
.\tenrm 0
.\mathon
.etc.

[3]
! Missing $ inserted.
<inserted text> 
                $
<to be read again> 
                   _
l.1215 mw_
          err_label:
? 
! Extra }, or forgotten $.
l.1218 }
        
? 
! Missing $ inserted.
<inserted text> 
                $
<to be read again> 
                   \par 
l.1219 
       
? 
! Missing $ inserted.
<inserted text> 
                $
<to be read again> 
                   _
l.1221  * finufftf_
                   plan* p = new();
? 
! Missing $ inserted.
<inserted text> 
                $
<to be read again> 
                   \par 
l.1224 
       
? 
! Missing $ inserted.
<inserted text> 
                $
<to be read again> 
                   _
l.1228     const char* mw_
                          err_txt_ = 0;
? 
! Missing $ inserted.
<inserted text> 
                $
<to be read again> 
                   \par 
l.1230 
       
? 

Overfull \hbox (46.48616pt too wide) in paragraph at lines 1225--1230
[]\tenrm void me-xStub5(int nlhs, mxAr-ray* plhs[], int nrhs, const mxAr-ray* p
rhs[])  const char* mw$[]\teni rr[]xt[]\tenrm 0; \teni finufftf[]lan \tensy ^^C
|

\hbox(7.5+2.86108)x469.75499, glue set - 1.0
.\hbox(0.0+0.0)x20.0
.\tenrm v
.\kern-0.27779
.\tenrm o
.\tenrm i
.etc.

! Missing $ inserted.
<inserted text> 
                $
<to be read again> 
                   _
l.1231     if (mexprofrecord_
                             )
? 
! Missing $ inserted.
<inserted text> 
                $
<to be read again> 
                   \par 
l.1235 
       
? 

Overfull \hbox (63.28651pt too wide) in paragraph at lines 1231--1235
[]\tenrm if (mexprofrecord$[]\teni mexprofrecord[]\tenrm 5] + +; \teni out\tenr
m 0[]\teni newfinufftf[]lan\tenrm (); \teni plhs\tenrm [0] = \teni mxWrapCreate
P\tenrm (\teni out\tenrm 0[]"\teni finufftf[]lan \tenrm :$ |

\hbox(7.5+3.55557)x469.75499, glue set - 1.0
.\hbox(0.0+0.0)x20.0
.\tenrm i
.\tenrm f
.\glue 3.33333 plus 1.66666 minus 1.11111
.\tenrm (
.etc.

! Missing $ inserted.
<inserted text> 
                $
<to be read again> 
                   _
l.1236 mw_
          err_label:
? 
! Extra }, or forgotten $.
l.1239 }
        
? 
! Missing $ inserted.
<inserted text> 
                $
<to be read again> 
                   \par 
l.1240 
       
? 
! Missing $ inserted.
<inserted text> 
                $
<to be read again> 
                   _
l.1242  * finufftf_
                   default_opts(nufft_opts* o);
? 
! Missing $ inserted.
<inserted text> 
                $
<to be read again> 
                   \par 
l.1245 
       
? 

Overfull \hbox (107.78278pt too wide) in paragraph at lines 1241--1245
[]\tenrm /* ---- fi-nufft.mw: 173 ---- * finufftf$[]\teni efault[]pts\tenrm (\t
eni nufft[]pts \tensy ^^C \teni o\tenrm ); \tensy ^^C\teni =staticconstchar \te
nsy ^^C \teni stubids\tenrm 6[]"\teni finufftf[]efault[]pts\tenrm (\teni inufft
[]pts\tensy ^^C\tenrm )";$ |

\hbox(7.5+2.5)x469.75499, glue set - 1.0
.\hbox(0.0+0.0)x20.0
.\tenrm /
.\tenrm *
.\glue 3.33333 plus 1.66666 minus 1.11111
.\tenrm | (ligature ---)
.etc.

! Missing $ inserted.
<inserted text> 
                $
<to be read again> 
                   _
l.1249     const char* mw_
                          err_txt_ = 0;
? 
! Missing $ inserted.
<inserted text> 
                $
<to be read again> 
                   \par 
l.1251 
       
? 

Overfull \hbox (30.85884pt too wide) in paragraph at lines 1246--1251
[]\tenrm void me-xStub6(int nlhs, mxAr-ray* plhs[], int nrhs, const mxAr-ray* p
rhs[])  const char* mw$[]\teni rr[]xt[]\tenrm 0; \teni nufft[]pts \tensy ^^C|

\hbox(7.5+2.5)x469.75499, glue set - 1.0
.\hbox(0.0+0.0)x20.0
.\tenrm v
.\kern-0.27779
.\tenrm o
.\tenrm i
.etc.

! Missing $ inserted.
<inserted text> 
                $
<to be read again> 
                   _
l.1252     in0_
                = (nufft_opts*) mxWrapGetP(prhs[0], "nufft_opts:%p", &mw_err...

? 
! Missing $ inserted.
<inserted text> 
                $
<to be read again> 
                   \par 
l.1258 
       
? 

Overfull \hbox (94.25362pt too wide) in paragraph at lines 1252--1258
[]\tenrm in0$[](\teni nufft[]pts\tensy ^^C\tenrm )\teni mxWrapGetP\tenrm (\teni
 prhs\tenrm [0]\teni ; \tenrm "\teni nufft[]pts \tenrm : \teni if\tenrm (\teni 
mw[]rr[]xt[]gotomw[]rr[]abel\tenrm ; \teni if\tenrm (\teni mexprofrecord[]mexpr
ofrecord[]\tenrm 6] +|

\hbox(7.5+3.55557)x469.75499, glue set - 1.0
.\hbox(0.0+0.0)x20.0
.\tenrm i
.\tenrm n
.\tenrm 0
.\mathon
.etc.

! Missing $ inserted.
<inserted text> 
                $
<to be read again> 
                   _
l.1259 mw_
          err_label:
? 
! Extra }, or forgotten $.
l.1262 }
        
? 
! Missing $ inserted.
<inserted text> 
                $
<to be read again> 
                   \par 
l.1263 
       
? 
! Missing $ inserted.
<inserted text> 
                $
<to be read again> 
                   _
l.1265  * copy_
               nufft_opts(mxArray opts, nufft_opts* o);
? 
! Missing $ inserted.
<inserted text> 
                $
<to be read again> 
                   \par 
l.1268 
       
? 

Overfull \hbox (178.14342pt too wide) in paragraph at lines 1264--1268
[]\tenrm /* ---- fi-nufft.mw: 184 ---- * copy$[]\teni ufft[]pts\tenrm (\teni mx
Arrayopts; nufft[]pts \tensy ^^C \teni o\tenrm ); \tensy ^^C\teni =staticconstc
har \tensy ^^C \teni stubids\tenrm 7[]"\teni copy[]ufft[]pts\tenrm (\teni imxAr
ray; inufft[]pts\tensy ^^C\tenrm )";$ |

\hbox(7.5+2.5)x469.75499, glue set - 1.0
.\hbox(0.0+0.0)x20.0
.\tenrm /
.\tenrm *
.\glue 3.33333 plus 1.66666 minus 1.11111
.\tenrm | (ligature ---)
.etc.

! Missing $ inserted.
<inserted text> 
                $
<to be read again> 
                   _
l.1272     const char* mw_
                          err_txt_ = 0;
? 
! Missing $ inserted.
<inserted text> 
                $
<to be read again> 
                   \par 
l.1275 
       
? 

Overfull \hbox (51.39659pt too wide) in paragraph at lines 1269--1275
[]\tenrm void me-xStub7(int nlhs, mxAr-ray* plhs[], int nrhs, const mxAr-ray* p
rhs[])  const char* mw$[]\teni rr[]xt[]\tenrm 0; \teni constmxArray \tensy ^^C|


\hbox(7.5+2.5)x469.75499, glue set - 1.0
.\hbox(0.0+0.0)x20.0
.\tenrm v
.\kern-0.27779
.\tenrm o
.\tenrm i
.etc.

! Missing $ inserted.
<inserted text> 
                $
<to be read again> 
                   _
l.1276     in0_
                = prhs[0];
? 
! Missing $ inserted.
<inserted text> 
                $
<to be read again> 
                   \par 
l.1283 
       
? 

Overfull \hbox (150.60973pt too wide) in paragraph at lines 1276--1283
[]\tenrm in0$[]\teni prhs\tenrm [0]; \teni in\tenrm 1[](\teni nufft[]pts\tensy 
^^C\tenrm )\teni mxWrapGetP\tenrm (\teni prhs\tenrm [1]\teni ; \tenrm "\teni nu
fft[]pts \tenrm : \teni if\tenrm (\teni mw[]rr[]xt[]gotomw[]rr[]abel\tenrm ; \t
eni if\tenrm (\teni mexprofrecord[]mexprofrecord[]\tenrm 7] +|

\hbox(7.5+3.55557)x469.75499, glue set - 1.0
.\hbox(0.0+0.0)x20.0
.\tenrm i
.\tenrm n
.\tenrm 0
.\mathon
.etc.

! Missing $ inserted.
<inserted text> 
                $
<to be read again> 
                   _
l.1284 mw_
          err_label:
? 
! Extra }, or forgotten $.
l.1287 }
        
? 
! Missing $ inserted.
<inserted text> 
                $
<to be read again> 
                   \par 
l.1288 
       
? 
! Missing $ inserted.
<inserted text> 
                $
<to be read again> 
                   _
l.1290  * int ier = finufft_
                            makeplan(int type, int dim, int64_t[3] n_modes, ...

? 
! Missing $ inserted.
<inserted text> 
                $
<to be read again> 
                   \par 
l.1293 
       
? 

Overfull \hbox (115.93312pt too wide) in paragraph at lines 1289--1293
[]\tenrm /* ---- fi-nufft.mw: 187 ---- * int ier = finufft$[]\teni akeplan\tenr
m (\teni inttype; intdim; int\tenrm 64[][3]\teni n[]odes; intiflag; intn[]rans;
 doubletol; finufft[]lan \tensy ^^C|

\hbox(7.5+2.86108)x469.75499, glue set - 1.0
.\hbox(0.0+0.0)x20.0
.\tenrm /
.\tenrm *
.\glue 3.33333 plus 1.66666 minus 1.11111
.\tenrm | (ligature ---)
.etc.


Overfull \hbox (162.89581pt too wide) in paragraph at lines 1289--1293
\teni plan; nufft[]pts \tensy ^^C \teni o\tenrm ); \tensy ^^C\teni =staticconst
char \tensy ^^C \teni stubids\tenrm 8[]"\teni oint \tenrm = \teni finufft[]akep
lan\tenrm (\teni iint; iint; iint\tenrm 64[][\teni x\tenrm ]\teni ; iint; iint;
 idouble; ifinufft[]lan\tensy ^^C\teni ; inufft[]pts\tensy ^^C\tenrm )";$ |

\hbox(7.5+2.86108)x469.75499, glue set - 1.0
.\teni p
.\teni l
.\kern0.19678
.\teni a
.\teni n
.etc.

! Missing $ inserted.
<inserted text> 
                $
<to be read again> 
                   _
l.1297     const char* mw_
                          err_txt_ = 0;
? 
! Missing $ inserted.
<inserted text> 
                $
<to be read again> 
                   \par 
l.1308 
       
? 

Overfull \hbox (21.0692pt too wide) in paragraph at lines 1294--1308
[]\tenrm void me-xStub8(int nlhs, mxAr-ray* plhs[], int nrhs, const mxAr-ray* p
rhs[])  const char* mw$[]\teni rr[]xt[]\tenrm 0; \teni intin\tenrm 0[]\teni = \
tensy ^^C|

\hbox(7.5+2.86108)x469.75499, glue set - 1.0
.\hbox(0.0+0.0)x20.0
.\tenrm v
.\kern-0.27779
.\tenrm o
.\tenrm i
.etc.

! Missing $ inserted.
<inserted text> 
                $
<to be read again> 
                   _
l.1309     dim8_
                 = (mwSize) mxWrapGetScalar(prhs[8], &mw_err_txt_);
? 
! Misplaced alignment tab character &.
l.1309 ...8_ = (mwSize) mxWrapGetScalar(prhs[8], &
                                                  mw_err_txt_);
? 
! Missing $ inserted.
<inserted text> 
                $
<to be read again> 
                   \par 
l.1310 
       
? 
! Missing $ inserted.
<inserted text> 
                $
<to be read again> 
                   _
l.1311 ...mxGetM(prhs[2])*mxGetN(prhs[2]) != dim8_
                                                  ) {
? 
! Missing $ inserted.
<inserted text> 
                $
<to be read again> 
                   \par 
l.1314 
       
? 

Overfull \hbox (14.80016pt too wide) in paragraph at lines 1311--1314
[]\tenrm if (mxGetM(prhs[2])*mxGetN(prhs[2]) != dim8$[][]$ |

\hbox(7.5+3.55557)x469.75499, glue set - 1.0
.\hbox(0.0+0.0)x20.0
.\tenrm i
.\tenrm f
.\glue 3.33333 plus 1.66666 minus 1.11111
.\tenrm (
.etc.

! Missing $ inserted.
<inserted text> 
                $
<to be read again> 
                   _
l.1315     if( mxGetClassID(prhs[0]) != mxDOUBLE_
                                                 CLASS )
? 
! Misplaced alignment tab character &.
l.1318     in0_ = (int) mxWrapGetScalar(prhs[0], &
                                                  mw_err_txt_);
? 
! Misplaced alignment tab character &.
l.1324     in1_ = (int) mxWrapGetScalar(prhs[1], &
                                                  mw_err_txt_);
? 
! Misplaced alignment tab character &.
l.1328 ...in2_ = mxWrapGetArray_int64_t(prhs[2], &
                                                  mw_err_txt_);
? 
! Misplaced alignment tab character &.
l.1336     in3_ = (int) mxWrapGetScalar(prhs[3], &
                                                  mw_err_txt_);
? 
! Misplaced alignment tab character &.
l.1342     in4_ = (int) mxWrapGetScalar(prhs[4], &
                                                  mw_err_txt_);
? 
! Misplaced alignment tab character &.
l.1348 ...5_ = (double) mxWrapGetScalar(prhs[5], &
                                                  mw_err_txt_);
? 
! You can't use `macro parameter character #' in math mode.
l.1360 #
        if MX_HAS_INTERLEAVED_COMPLEX
? 
! You can't use `macro parameter character #' in math mode.
l.1363 #
        else
? 
! You can't use `macro parameter character #' in math mode.
l.1366 #
        endif
? 
! Missing $ inserted.
<inserted text> 
                $
<to be read again> 
                   \par 
l.1367 
       
? 

Overfull \hbox (697.24033pt too wide) in paragraph at lines 1315--1367
[]\tenrm if( mxGetC-las-sID(prhs[0]) != mxDOUBLE$[]\teni LASS\tenrm )\teni mw[]
rr[]xt[]\tenrm "\teni Invalidscalarargument; mxDOUBLE[]LASSexpected\tenrm "; \t
eni if\tenrm (\teni mw[]rr[]xt[]gotomw[]rr[]abel\tenrm ; \teni in\tenrm 0[](\te
ni int\tenrm )\teni mxWrapGetScalar\tenrm (\teni prhs\tenrm [0]\teni ; mw[]rr[]
xt[]\tenrm ; \teni if\tenrm (\teni mw[]rr[]xt[]gotomw[]rr[]abel\tenrm ; \teni i
f\tenrm (\teni mxGetClassID\tenrm (\teni prhs\tenrm [1])! =|

\hbox(7.5+3.55557)x469.75499, glue set - 1.0
.\hbox(0.0+0.0)x20.0
.\tenrm i
.\tenrm f
.\tenrm (
.\glue 3.33333 plus 1.66666 minus 1.11111
.etc.


Overfull \hbox (516.55989pt too wide) in paragraph at lines 1315--1367
\teni mxDOUBLE[]LASS\tenrm )\teni mw[]rr[]xt[]\tenrm "\teni Invalidscalarargume
nt; mxDOUBLE[]LASSexpected\tenrm "; \teni if\tenrm (\teni mw[]rr[]xt[]gotomw[]r
r[]abel\tenrm ; \teni in\tenrm 1[](\teni int\tenrm )\teni mxWrapGetScalar\tenrm
 (\teni prhs\tenrm [1]\teni ; mw[]rr[]xt[]\tenrm ; \teni if\tenrm (\teni mw[]rr
[]xt[]gotomw[]rr[]abel\tenrm ; \teni if\tenrm (\teni mxGetM\tenrm (\teni prhs\t
enrm [2]) \tensy ^^C|

\hbox(7.5+3.55557)x469.75499, glue set - 1.0
.\teni m
.\teni x
.\teni D
.\kern0.27779
.\teni O
.etc.


Overfull \hbox (193.80838pt too wide) in paragraph at lines 1315--1367
\teni mxGetN\tenrm (\teni prhs\tenrm [2])! = 0)[]\teni elsein\tenrm 2[]\teni NU
LL\tenrm ; \teni if\tenrm (\teni mxGetClassID\tenrm (\teni prhs\tenrm [3])! =|

\hbox(7.5+3.55557)x469.75499
.\teni m
.\teni x
.\teni G
.\teni e
.\teni t
.etc.


Overfull \hbox (553.54295pt too wide) in paragraph at lines 1315--1367
\teni mxDOUBLE[]LASS\tenrm )\teni mw[]rr[]xt[]\tenrm "\teni Invalidscalarargume
nt; mxDOUBLE[]LASSexpected\tenrm "; \teni if\tenrm (\teni mw[]rr[]xt[]gotomw[]r
r[]abel\tenrm ; \teni in\tenrm 3[](\teni int\tenrm )\teni mxWrapGetScalar\tenrm
 (\teni prhs\tenrm [3]\teni ; mw[]rr[]xt[]\tenrm ; \teni if\tenrm (\teni mw[]rr
[]xt[]gotomw[]rr[]abel\tenrm ; \teni if\tenrm (\teni mxGetClassID\tenrm (\teni 
prhs\tenrm [4])! =|

\hbox(7.5+3.55557)x469.75499
.\teni m
.\teni x
.\teni D
.\kern0.27779
.\teni O
.etc.


Overfull \hbox (553.54295pt too wide) in paragraph at lines 1315--1367
\teni mxDOUBLE[]LASS\tenrm )\teni mw[]rr[]xt[]\tenrm "\teni Invalidscalarargume
nt; mxDOUBLE[]LASSexpected\tenrm "; \teni if\tenrm (\teni mw[]rr[]xt[]gotomw[]r
r[]abel\tenrm ; \teni in\tenrm 4[](\teni int\tenrm )\teni mxWrapGetScalar\tenrm
 (\teni prhs\tenrm [4]\teni ; mw[]rr[]xt[]\tenrm ; \teni if\tenrm (\teni mw[]rr
[]xt[]gotomw[]rr[]abel\tenrm ; \teni if\tenrm (\teni mxGetClassID\tenrm (\teni 
prhs\tenrm [5])! =|

\hbox(7.5+3.55557)x469.75499
.\teni m
.\teni x
.\teni D
.\kern0.27779
.\teni O
.etc.


Overfull \hbox (692.61485pt too wide) in paragraph at lines 1315--1367
\teni mxDOUBLE[]LASS\tenrm )\teni mw[]rr[]xt[]\tenrm "\teni Invalidscalarargume
nt; mxDOUBLE[]LASSexpected\tenrm "; \teni if\tenrm (\teni mw[]rr[]xt[]gotomw[]r
r[]abel\tenrm ; \teni in\tenrm 5[](\teni double\tenrm )\teni mxWrapGetScalar\te
nrm (\teni prhs\tenrm [5]\teni ; mw[]rr[]xt[]\tenrm ; \teni if\tenrm (\teni mw[
]rr[]xt[]gotomw[]rr[]abel\tenrm ; \teni in\tenrm 6[](\teni finufft[]lan\tensy ^
^C\tenrm )\teni mxWrapGetP\tenrm (\teni prhs\tenrm [6]\teni ; \tenrm "\teni fin
ufft[]lan \tenrm :|

\hbox(7.5+3.55557)x469.75499
.\teni m
.\teni x
.\teni D
.\kern0.27779
.\teni O
.etc.


Overfull \hbox (207.57729pt too wide) in paragraph at lines 1315--1367
\teni if\tenrm (\teni mw[]rr[]xt[]gotomw[]rr[]abel\tenrm ; \teni in\tenrm 7[](\
teni nufft[]pts\tensy ^^C\tenrm )\teni mxWrapGetP\tenrm (\teni prhs\tenrm [7]\t
eni ; \tenrm "\teni nufft[]pts \tenrm : \teni if\tenrm (\teni mw[]rr[]xt[]gotom
w[]rr[]abel\tenrm ; \teni if\tenrm (\teni mexprofrecord[]mexprofrecord[]\tenrm 
8] +|

\hbox(7.5+3.55557)x469.75499, glue set - 1.0
.\teni i
.\teni f
.\kern1.0764
.\tenrm (
.\teni m
.etc.


Overfull \hbox (24.89072pt too wide) in paragraph at lines 1315--1367
\tenrm +; \teni out\tenrm 0[]\teni finufft[]akeplan\tenrm (\teni in\tenrm 0[]\t
eni in\tenrm 1[]\teni in\tenrm 2[]\teni in\tenrm 3[]\teni in\tenrm 4[]\teni in\
tenrm 5[]\teni in\tenrm 6[]\teni in\tenrm 7[]; \teni ifMX[]AS[]NTERLEAVED[]OMPL
EXplhs\tenrm [0] =|

\hbox(7.5+3.55557)x469.75499
.\tenrm +
.\tenrm ;
.\glue(\thinmuskip) 1.66663
.\teni o
.\teni u
.etc.


Overfull \hbox (201.17921pt too wide) in paragraph at lines 1315--1367
\teni mxCreateDoubleMatrix\tenrm (1\teni ; \tenrm 1\teni ; mxREAL\tenrm ); \ten
sy ^^C\teni mxGetDoubles\tenrm (\teni plhs\tenrm [0]) = \teni out\tenrm 0[]\ten
i elseplhs\tenrm [0] = \teni mxCreateDoubleMatrix\tenrm (1\teni ; \tenrm 1\teni
 ; mxREAL\tenrm ); \tensy ^^C\teni mxGetPr\tenrm (\teni plhs\tenrm [0]) =|

\hbox(7.5+2.86108)x469.75499
.\teni m
.\teni x
.\teni C
.\kern0.71527
.\teni r
.etc.

! Missing $ inserted.
<inserted text> 
                $
<to be read again> 
                   _
l.1368 mw_
          err_label:
? 
! Extra }, or forgotten $.
l.1372 }
        
? 
! Missing $ inserted.
<inserted text> 
                $
<to be read again> 
                   \par 
l.1373 
       
? 
! Missing $ inserted.
<inserted text> 
                $
<to be read again> 
                   _
l.1375  * int ier = finufftf_
                             makeplan(int type, int dim, int64_t[3] n_modes,...

? 
! Missing $ inserted.
<inserted text> 
                $
<to be read again> 
                   \par 
l.1378 
       
? 

Overfull \hbox (118.87645pt too wide) in paragraph at lines 1374--1378
[]\tenrm /* ---- fi-nufft.mw: 190 ---- * int ier = finufftf$[]\teni akeplan\ten
rm (\teni inttype; intdim; int\tenrm 64[][3]\teni n[]odes; intiflag; intn[]rans
; floattol; finufftf[]lan \tensy ^^C|

\hbox(7.5+2.86108)x469.75499, glue set - 1.0
.\hbox(0.0+0.0)x20.0
.\tenrm /
.\tenrm *
.\glue 3.33333 plus 1.66666 minus 1.11111
.\tenrm | (ligature ---)
.etc.


Overfull \hbox (167.67943pt too wide) in paragraph at lines 1374--1378
\teni plan; nufft[]pts \tensy ^^C \teni o\tenrm ); \tensy ^^C\teni =staticconst
char \tensy ^^C \teni stubids\tenrm 9[]"\teni oint \tenrm = \teni finufftf[]ake
plan\tenrm (\teni iint; iint; iint\tenrm 64[][\teni x\tenrm ]\teni ; iint; iint
; ifloat; ifinufftf[]lan\tensy ^^C\teni ; inufft[]pts\tensy ^^C\tenrm )";$ |

\hbox(7.5+2.86108)x469.75499, glue set - 1.0
.\teni p
.\teni l
.\kern0.19678
.\teni a
.\teni n
.etc.

! Missing $ inserted.
<inserted text> 
                $
<to be read again> 
                   _
l.1382     const char* mw_
                          err_txt_ = 0;
? 
! Missing $ inserted.
<inserted text> 
                $
<to be read again> 
                   \par 
l.1393 
       
? 

Overfull \hbox (21.0692pt too wide) in paragraph at lines 1379--1393
[]\tenrm void me-xStub9(int nlhs, mxAr-ray* plhs[], int nrhs, const mxAr-ray* p
rhs[])  const char* mw$[]\teni rr[]xt[]\tenrm 0; \teni intin\tenrm 0[]\teni = \
tensy ^^C|

\hbox(7.5+2.86108)x469.75499, glue set - 1.0
.\hbox(0.0+0.0)x20.0
.\tenrm v
.\kern-0.27779
.\tenrm o
.\tenrm i
.etc.

! Missing $ inserted.
<inserted text> 
                $
<to be read again> 
                   _
l.1394     dim8_
                 = (mwSize) mxWrapGetScalar(prhs[8], &mw_err_txt_);
? 
! Misplaced alignment tab character &.
l.1394 ...8_ = (mwSize) mxWrapGetScalar(prhs[8], &
                                                  mw_err_txt_);
? 
! Missing $ inserted.
<inserted text> 
                $
<to be read again> 
                   \par 
l.1395 
       
? 
! Missing $ inserted.
<inserted text> 
                $
<to be read again> 
                   _
l.1396 ...mxGetM(prhs[2])*mxGetN(prhs[2]) != dim8_
                                                  ) {
? 
! Missing $ inserted.
<inserted text> 
                $
<to be read again> 
                   \par 
l.1399 
       
? 

Overfull \hbox (14.80016pt too wide) in paragraph at lines 1396--1399
[]\tenrm if (mxGetM(prhs[2])*mxGetN(prhs[2]) != dim8$[][]$ |

\hbox(7.5+3.55557)x469.75499, glue set - 1.0
.\hbox(0.0+0.0)x20.0
.\tenrm i
.\tenrm f
.\glue 3.33333 plus 1.66666 minus 1.11111
.\tenrm (
.etc.

! Missing $ inserted.
<inserted text> 
                $
<to be read again> 
                   _
l.1400     if( mxGetClassID(prhs[0]) != mxDOUBLE_
                                                 CLASS )
? 
! Misplaced alignment tab character &.
l.1403     in0_ = (int) mxWrapGetScalar(prhs[0], &
                                                  mw_err_txt_);
? 
! Misplaced alignment tab character &.
l.1409     in1_ = (int) mxWrapGetScalar(prhs[1], &
                                                  mw_err_txt_);
? 
! Misplaced alignment tab character &.
l.1413 ...in2_ = mxWrapGetArray_int64_t(prhs[2], &
                                                  mw_err_txt_);
? 
! Misplaced alignment tab character &.
l.1421     in3_ = (int) mxWrapGetScalar(prhs[3], &
                                                  mw_err_txt_);
? 
! Misplaced alignment tab character &.
l.1427     in4_ = (int) mxWrapGetScalar(prhs[4], &
                                                  mw_err_txt_);
? 
! Misplaced alignment tab character &.
l.1433 ...float) mxWrapGetScalar_single(prhs[5], &
                                                  mw_err_txt_);
? 
! You can't use `macro parameter character #' in math mode.
l.1445 #
        if MX_HAS_INTERLEAVED_COMPLEX
? 
! You can't use `macro parameter character #' in math mode.
l.1448 #
        else
? 
! You can't use `macro parameter character #' in math mode.
l.1451 #
        endif
? 
! Missing $ inserted.
<inserted text> 
                $
<to be read again> 
                   \par 
l.1452 
       
? 

Overfull \hbox (697.24033pt too wide) in paragraph at lines 1400--1452
[]\tenrm if( mxGetC-las-sID(prhs[0]) != mxDOUBLE$[]\teni LASS\tenrm )\teni mw[]
rr[]xt[]\tenrm "\teni Invalidscalarargument; mxDOUBLE[]LASSexpected\tenrm "; \t
eni if\tenrm (\teni mw[]rr[]xt[]gotomw[]rr[]abel\tenrm ; \teni in\tenrm 0[](\te
ni int\tenrm )\teni mxWrapGetScalar\tenrm (\teni prhs\tenrm [0]\teni ; mw[]rr[]
xt[]\tenrm ; \teni if\tenrm (\teni mw[]rr[]xt[]gotomw[]rr[]abel\tenrm ; \teni i
f\tenrm (\teni mxGetClassID\tenrm (\teni prhs\tenrm [1])! =|

\hbox(7.5+3.55557)x469.75499, glue set - 1.0
.\hbox(0.0+0.0)x20.0
.\tenrm i
.\tenrm f
.\tenrm (
.\glue 3.33333 plus 1.66666 minus 1.11111
.etc.


Overfull \hbox (516.55989pt too wide) in paragraph at lines 1400--1452
\teni mxDOUBLE[]LASS\tenrm )\teni mw[]rr[]xt[]\tenrm "\teni Invalidscalarargume
nt; mxDOUBLE[]LASSexpected\tenrm "; \teni if\tenrm (\teni mw[]rr[]xt[]gotomw[]r
r[]abel\tenrm ; \teni in\tenrm 1[](\teni int\tenrm )\teni mxWrapGetScalar\tenrm
 (\teni prhs\tenrm [1]\teni ; mw[]rr[]xt[]\tenrm ; \teni if\tenrm (\teni mw[]rr
[]xt[]gotomw[]rr[]abel\tenrm ; \teni if\tenrm (\teni mxGetM\tenrm (\teni prhs\t
enrm [2]) \tensy ^^C|

\hbox(7.5+3.55557)x469.75499, glue set - 1.0
.\teni m
.\teni x
.\teni D
.\kern0.27779
.\teni O
.etc.


Overfull \hbox (193.80838pt too wide) in paragraph at lines 1400--1452
\teni mxGetN\tenrm (\teni prhs\tenrm [2])! = 0)[]\teni elsein\tenrm 2[]\teni NU
LL\tenrm ; \teni if\tenrm (\teni mxGetClassID\tenrm (\teni prhs\tenrm [3])! =|

\hbox(7.5+3.55557)x469.75499
.\teni m
.\teni x
.\teni G
.\teni e
.\teni t
.etc.


Overfull \hbox (553.54295pt too wide) in paragraph at lines 1400--1452
\teni mxDOUBLE[]LASS\tenrm )\teni mw[]rr[]xt[]\tenrm "\teni Invalidscalarargume
nt; mxDOUBLE[]LASSexpected\tenrm "; \teni if\tenrm (\teni mw[]rr[]xt[]gotomw[]r
r[]abel\tenrm ; \teni in\tenrm 3[](\teni int\tenrm )\teni mxWrapGetScalar\tenrm
 (\teni prhs\tenrm [3]\teni ; mw[]rr[]xt[]\tenrm ; \teni if\tenrm (\teni mw[]rr
[]xt[]gotomw[]rr[]abel\tenrm ; \teni if\tenrm (\teni mxGetClassID\tenrm (\teni 
prhs\tenrm [4])! =|

\hbox(7.5+3.55557)x469.75499
.\teni m
.\teni x
.\teni D
.\kern0.27779
.\teni O
.etc.


Overfull \hbox (553.54295pt too wide) in paragraph at lines 1400--1452
\teni mxDOUBLE[]LASS\tenrm )\teni mw[]rr[]xt[]\tenrm "\teni Invalidscalarargume
nt; mxDOUBLE[]LASSexpected\tenrm "; \teni if\tenrm (\teni mw[]rr[]xt[]gotomw[]r
r[]abel\tenrm ; \teni in\tenrm 4[](\teni int\tenrm )\teni mxWrapGetScalar\tenrm
 (\teni prhs\tenrm [4]\teni ; mw[]rr[]xt[]\tenrm ; \teni if\tenrm (\teni mw[]rr
[]xt[]gotomw[]rr[]abel\tenrm ; \teni if\tenrm (\teni mxGetClassID\tenrm (\teni 
prhs\tenrm [5])! =|

\hbox(7.5+3.55557)x469.75499
.\teni m
.\teni x
.\teni D
.\kern0.27779
.\teni O
.etc.


Overfull \hbox (716.62575pt too wide) in paragraph at lines 1400--1452
\teni mxSINGLE[]LASS\tenrm )\teni mw[]rr[]xt[]\tenrm "\teni Invalidscalarargume
nt; mxSINGLE[]LASSexpected\tenrm "; \teni if\tenrm (\teni mw[]rr[]xt[]gotomw[]r
r[]abel\tenrm ; \teni in\tenrm 5[](\teni float\tenrm )\teni mxWrapGetScalar[]in
gle\tenrm (\teni prhs\tenrm [5]\teni ; mw[]rr[]xt[]\tenrm ; \teni if\tenrm (\te
ni mw[]rr[]xt[]gotomw[]rr[]abel\tenrm ; \teni in\tenrm 6[](\teni finufftf[]lan\
tensy ^^C\tenrm )\teni mxWrapGetP\tenrm (\teni prhs\tenrm [6]\teni ; \tenrm "\t
eni finufftf[]lan \tenrm :|

\hbox(7.5+3.55557)x469.75499
.\teni m
.\teni x
.\teni S
.\kern0.57637
.\teni I
.etc.


Overfull \hbox (207.57729pt too wide) in paragraph at lines 1400--1452
\teni if\tenrm (\teni mw[]rr[]xt[]gotomw[]rr[]abel\tenrm ; \teni in\tenrm 7[](\
teni nufft[]pts\tensy ^^C\tenrm )\teni mxWrapGetP\tenrm (\teni prhs\tenrm [7]\t
eni ; \tenrm "\teni nufft[]pts \tenrm : \teni if\tenrm (\teni mw[]rr[]xt[]gotom
w[]rr[]abel\tenrm ; \teni if\tenrm (\teni mexprofrecord[]mexprofrecord[]\tenrm 
9] +|

\hbox(7.5+3.55557)x469.75499, glue set - 1.0
.\teni i
.\teni f
.\kern1.0764
.\tenrm (
.\teni m
.etc.


Overfull \hbox (29.78658pt too wide) in paragraph at lines 1400--1452
\tenrm +; \teni out\tenrm 0[]\teni finufftf[]akeplan\tenrm (\teni in\tenrm 0[]\
teni in\tenrm 1[]\teni in\tenrm 2[]\teni in\tenrm 3[]\teni in\tenrm 4[]\teni in
\tenrm 5[]\teni in\tenrm 6[]\teni in\tenrm 7[]; \teni ifMX[]AS[]NTERLEAVED[]OMP
LEXplhs\tenrm [0] =|

\hbox(7.5+3.55557)x469.75499
.\tenrm +
.\tenrm ;
.\glue(\thinmuskip) 1.66663
.\teni o
.\teni u
.etc.


Overfull \hbox (201.17921pt too wide) in paragraph at lines 1400--1452
\teni mxCreateDoubleMatrix\tenrm (1\teni ; \tenrm 1\teni ; mxREAL\tenrm ); \ten
sy ^^C\teni mxGetDoubles\tenrm (\teni plhs\tenrm [0]) = \teni out\tenrm 0[]\ten
i elseplhs\tenrm [0] = \teni mxCreateDoubleMatrix\tenrm (1\teni ; \tenrm 1\teni
 ; mxREAL\tenrm ); \tensy ^^C\teni mxGetPr\tenrm (\teni plhs\tenrm [0]) =|

\hbox(7.5+2.86108)x469.75499
.\teni m
.\teni x
.\teni C
.\kern0.71527
.\teni r
.etc.

[4]
! Missing $ inserted.
<inserted text> 
                $
<to be read again> 
                   _
l.1453 mw_
          err_label:
? 
! Extra }, or forgotten $.
l.1457 }
        
? 
! Missing $ inserted.
<inserted text> 
                $
<to be read again> 
                   \par 
l.1458 
       
? 
! Missing $ inserted.
<inserted text> 
                $
<to be read again> 
                   _
l.1460  * delete(nufft_
                       opts* o);
? 
! Missing $ inserted.
<inserted text> 
                $
<to be read again> 
                   \par 
l.1463 
       
? 
! Missing $ inserted.
<inserted text> 
                $
<to be read again> 
                   _
l.1467     const char* mw_
                          err_txt_ = 0;
? 
! Missing $ inserted.
<inserted text> 
                $
<to be read again> 
                   \par 
l.1469 
       
? 

Overfull \hbox (35.85886pt too wide) in paragraph at lines 1464--1469
[]\tenrm void me-xStub10(int nlhs, mxAr-ray* plhs[], int nrhs, const mxAr-ray* 
prhs[])  const char* mw$[]\teni rr[]xt[]\tenrm 0; \teni nufft[]pts \tensy ^^C|

\hbox(7.5+2.5)x469.75499, glue set - 1.0
.\hbox(0.0+0.0)x20.0
.\tenrm v
.\kern-0.27779
.\tenrm o
.\tenrm i
.etc.

! Missing $ inserted.
<inserted text> 
                $
<to be read again> 
                   _
l.1470     in0_
                = (nufft_opts*) mxWrapGetP(prhs[0], "nufft_opts:%p", &mw_err...

? 
! Missing $ inserted.
<inserted text> 
                $
<to be read again> 
                   \par 
l.1476 
       
? 

Overfull \hbox (99.25363pt too wide) in paragraph at lines 1470--1476
[]\tenrm in0$[](\teni nufft[]pts\tensy ^^C\tenrm )\teni mxWrapGetP\tenrm (\teni
 prhs\tenrm [0]\teni ; \tenrm "\teni nufft[]pts \tenrm : \teni if\tenrm (\teni 
mw[]rr[]xt[]gotomw[]rr[]abel\tenrm ; \teni if\tenrm (\teni mexprofrecord[]mexpr
ofrecord[]\tenrm 10] +|

\hbox(7.5+3.55557)x469.75499, glue set - 1.0
.\hbox(0.0+0.0)x20.0
.\tenrm i
.\tenrm n
.\tenrm 0
.\mathon
.etc.

! Missing $ inserted.
<inserted text> 
                $
<to be read again> 
                   _
l.1477 mw_
          err_label:
? 
! Extra }, or forgotten $.
l.1480 }
        
? 
! Missing $ inserted.
<inserted text> 
                $
<to be read again> 
                   \par 
l.1481 
       
? 
! Missing $ inserted.
<inserted text> 
                $
<to be read again> 
                   _
l.1483  * int ier = finufft_
                            setpts(finufft_plan plan, int64_t nj, double[] x...

? 
! Missing $ inserted.
<inserted text> 
                $
<to be read again> 
                   \par 
l.1486 
       
? 

Overfull \hbox (281.4564pt too wide) in paragraph at lines 1482--1486
[]\tenrm /* ---- fi-nufft.mw: 215 ---- * int ier = finufft$[]\teni etpts\tenrm 
(\teni finufft[]lanplan; int\tenrm 64[]\teni nj; double\tenrm []\teni xj; doubl
e\tenrm []\teni yj; double\tenrm []\teni zj; int\tenrm 64[]\teni nk; double\ten
rm []\teni s; double\tenrm []\teni t; double\tenrm []\teni u\tenrm ); \tensy ^^
C\teni =staticconstchar \tensy ^^C|

\hbox(7.5+2.86108)x469.75499, glue set - 1.0
.\hbox(0.0+0.0)x20.0
.\tenrm /
.\tenrm *
.\glue 3.33333 plus 1.66666 minus 1.11111
.\tenrm | (ligature ---)
.etc.


Overfull \hbox (69.17842pt too wide) in paragraph at lines 1482--1486
\teni stubids\tenrm 11[]"\teni oint \tenrm = \teni finufft[]etpts\tenrm (\teni 
ifinufft[]lan; iint\tenrm 64[]\teni ; idouble\tenrm []\teni ; idouble\tenrm []\
teni ; idouble\tenrm []\teni ; iint\tenrm 64[]\teni ; idouble\tenrm []\teni ; i
double\tenrm []\teni ; idouble\tenrm [])";$ |

\hbox(7.5+2.86108)x469.75499
.\teni s
.\teni t
.\teni u
.\teni b
.\teni i
.etc.

! Missing $ inserted.
<inserted text> 
                $
<to be read again> 
                   _
l.1490     const char* mw_
                          err_txt_ = 0;
? 
! Missing $ inserted.
<inserted text> 
                $
<to be read again> 
                   \par 
l.1501 
       
? 

Overfull \hbox (46.59032pt too wide) in paragraph at lines 1487--1501
[]\tenrm void me-xStub11(int nlhs, mxAr-ray* plhs[], int nrhs, const mxAr-ray* 
prhs[])  const char* mw$[]\teni rr[]xt[]\tenrm 0; \teni finufft[]lan \tensy ^^C
|

\hbox(7.5+2.86108)x469.75499, glue set - 1.0
.\hbox(0.0+0.0)x20.0
.\tenrm v
.\kern-0.27779
.\tenrm o
.\tenrm i
.etc.

! Missing $ inserted.
<inserted text> 
                $
<to be read again> 
                   _
l.1502     in0_
                = (finufft_plan*) mxWrapGetP(prhs[0], "finufft_plan:%p", &mw...

? 
! Misplaced alignment tab character &.
l.1508 ..._ = (int64_t) mxWrapGetScalar(prhs[1], &
                                                  mw_err_txt_);
? 
! You can't use `macro parameter character #' in math mode.
l.1515 #
        if MX_HAS_INTERLEAVED_COMPLEX
? 
! You can't use `macro parameter character #' in math mode.
l.1517 #
        else
? 
! You can't use `macro parameter character #' in math mode.
l.1519 #
        endif
? 
! You can't use `macro parameter character #' in math mode.
l.1526 #
        if MX_HAS_INTERLEAVED_COMPLEX
? 
! You can't use `macro parameter character #' in math mode.
l.1528 #
        else
? 
! You can't use `macro parameter character #' in math mode.
l.1530 #
        endif
? 
! You can't use `macro parameter character #' in math mode.
l.1537 #
        if MX_HAS_INTERLEAVED_COMPLEX
? 
! You can't use `macro parameter character #' in math mode.
l.1539 #
        else
? 
! You can't use `macro parameter character #' in math mode.
l.1541 #
        endif
? 
! Misplaced alignment tab character &.
l.1547 ..._ = (int64_t) mxWrapGetScalar(prhs[5], &
                                                  mw_err_txt_);
? 
! You can't use `macro parameter character #' in math mode.
l.1554 #
        if MX_HAS_INTERLEAVED_COMPLEX
? 
! You can't use `macro parameter character #' in math mode.
l.1556 #
        else
? 
! You can't use `macro parameter character #' in math mode.
l.1558 #
        endif
? 
! You can't use `macro parameter character #' in math mode.
l.1565 #
        if MX_HAS_INTERLEAVED_COMPLEX
? 
! You can't use `macro parameter character #' in math mode.
l.1567 #
        else
? 
! You can't use `macro parameter character #' in math mode.
l.1569 #
        endif
? 
! You can't use `macro parameter character #' in math mode.
l.1576 #
        if MX_HAS_INTERLEAVED_COMPLEX
? 
! You can't use `macro parameter character #' in math mode.
l.1578 #
        else
? 
! You can't use `macro parameter character #' in math mode.
l.1580 #
        endif
? 
! You can't use `macro parameter character #' in math mode.
l.1590 #
        if MX_HAS_INTERLEAVED_COMPLEX
? 
! You can't use `macro parameter character #' in math mode.
l.1593 #
        else
? 
! You can't use `macro parameter character #' in math mode.
l.1596 #
        endif
? 
! Missing $ inserted.
<inserted text> 
                $
<to be read again> 
                   \par 
l.1597 
       
? 

Overfull \hbox (78.96225pt too wide) in paragraph at lines 1502--1597
[]\tenrm in0$[](\teni finufft[]lan\tensy ^^C\tenrm )\teni mxWrapGetP\tenrm (\te
ni prhs\tenrm [0]\teni ; \tenrm "\teni finufft[]lan \tenrm : \teni if\tenrm (\t
eni mw[]rr[]xt[]gotomw[]rr[]abel\tenrm ; \teni if\tenrm (\teni mxGetClassID\ten
rm (\teni prhs\tenrm [1])! =|

\hbox(7.5+3.55557)x469.75499
.\hbox(0.0+0.0)x20.0
.\tenrm i
.\tenrm n
.\tenrm 0
.\mathon
.etc.


Overfull \hbox (530.08076pt too wide) in paragraph at lines 1502--1597
\teni mxDOUBLE[]LASS\tenrm )\teni mw[]rr[]xt[]\tenrm "\teni Invalidscalarargume
nt; mxDOUBLE[]LASSexpected\tenrm "; \teni if\tenrm (\teni mw[]rr[]xt[]gotomw[]r
r[]abel\tenrm ; \teni in\tenrm 1[](\teni int\tenrm 64[])\teni mxWrapGetScalar\t
enrm (\teni prhs\tenrm [1]\teni ; mw[]rr[]xt[]\tenrm ; \teni if\tenrm (\teni mw
[]rr[]xt[]gotomw[]rr[]abel\tenrm ; \teni if\tenrm (\teni mxGetM\tenrm (\teni pr
hs\tenrm [2]) \tensy ^^C|

\hbox(7.5+3.55557)x469.75499, glue set - 1.0
.\teni m
.\teni x
.\teni D
.\kern0.27779
.\teni O
.etc.


Overfull \hbox (949.76668pt too wide) in paragraph at lines 1502--1597
\teni mxGetN\tenrm (\teni prhs\tenrm [2])! = 0)[]\teni elsein\tenrm 2[]\teni NU
LL\tenrm ; \teni if\tenrm (\teni mxGetM\tenrm (\teni prhs\tenrm [3]) \tensy ^^C
|

\hbox(7.5+3.55557)x469.75499, glue set - 1.0
.\teni m
.\teni x
.\teni G
.\teni e
.\teni t
.etc.


Overfull \hbox (949.76668pt too wide) in paragraph at lines 1502--1597
\teni mxGetN\tenrm (\teni prhs\tenrm [3])! = 0)[]\teni elsein\tenrm 3[]\teni NU
LL\tenrm ; \teni if\tenrm (\teni mxGetM\tenrm (\teni prhs\tenrm [4]) \tensy ^^C
|

\hbox(7.5+3.55557)x469.75499, glue set - 1.0
.\teni m
.\teni x
.\teni G
.\teni e
.\teni t
.etc.


Overfull \hbox (986.74974pt too wide) in paragraph at lines 1502--1597
\teni mxGetN\tenrm (\teni prhs\tenrm [4])! = 0)[]\teni elsein\tenrm 4[]\teni NU
LL\tenrm ; \teni if\tenrm (\teni mxGetClassID\tenrm (\teni prhs\tenrm [5])! =|

\hbox(7.5+3.55557)x469.75499
.\teni m
.\teni x
.\teni G
.\teni e
.\teni t
.etc.


Overfull \hbox (530.08076pt too wide) in paragraph at lines 1502--1597
\teni mxDOUBLE[]LASS\tenrm )\teni mw[]rr[]xt[]\tenrm "\teni Invalidscalarargume
nt; mxDOUBLE[]LASSexpected\tenrm "; \teni if\tenrm (\teni mw[]rr[]xt[]gotomw[]r
r[]abel\tenrm ; \teni in\tenrm 5[](\teni int\tenrm 64[])\teni mxWrapGetScalar\t
enrm (\teni prhs\tenrm [5]\teni ; mw[]rr[]xt[]\tenrm ; \teni if\tenrm (\teni mw
[]rr[]xt[]gotomw[]rr[]abel\tenrm ; \teni if\tenrm (\teni mxGetM\tenrm (\teni pr
hs\tenrm [6]) \tensy ^^C|

\hbox(7.5+3.55557)x469.75499, glue set - 1.0
.\teni m
.\teni x
.\teni D
.\kern0.27779
.\teni O
.etc.


Overfull \hbox (949.76668pt too wide) in paragraph at lines 1502--1597
\teni mxGetN\tenrm (\teni prhs\tenrm [6])! = 0)[]\teni elsein\tenrm 6[]\teni NU
LL\tenrm ; \teni if\tenrm (\teni mxGetM\tenrm (\teni prhs\tenrm [7]) \tensy ^^C
|

\hbox(7.5+3.55557)x469.75499, glue set - 1.0
.\teni m
.\teni x
.\teni G
.\teni e
.\teni t
.etc.


Overfull \hbox (949.76668pt too wide) in paragraph at lines 1502--1597
\teni mxGetN\tenrm (\teni prhs\tenrm [7])! = 0)[]\teni elsein\tenrm 7[]\teni NU
LL\tenrm ; \teni if\tenrm (\teni mxGetM\tenrm (\teni prhs\tenrm [8]) \tensy ^^C
|

\hbox(7.5+3.55557)x469.75499, glue set - 1.0
.\teni m
.\teni x
.\teni G
.\teni e
.\teni t
.etc.


Overfull \hbox (1320.16045pt too wide) in paragraph at lines 1502--1597
\teni mxGetN\tenrm (\teni prhs\tenrm [8])! = 0)[]\teni elsein\tenrm 8[]\teni NU
LL\tenrm ; \teni if\tenrm (!\teni in\tenrm 0[][]\teni if\tenrm (\teni mexprofre
cord[]mexprofrecord[]\tenrm 11] +|

\hbox(7.5+3.55557)x469.75499, glue set - 1.0
.\teni m
.\teni x
.\teni G
.\teni e
.\teni t
.etc.


Overfull \hbox (30.52562pt too wide) in paragraph at lines 1502--1597
\tenrm +; \teni out\tenrm 0[]\teni finufft[]etpts\tenrm (\tensy ^^C\teni in\ten
rm 0[]\teni in\tenrm 1[]\teni in\tenrm 2[]\teni in\tenrm 3[]\teni in\tenrm 4[]\
teni in\tenrm 5[]\teni in\tenrm 6[]\teni in\tenrm 7[]\teni in\tenrm 8[]; \teni 
ifMX[]AS[]NTERLEAVED[]OMPLEXplhs\tenrm [0] =|

\hbox(7.5+3.55557)x469.75499
.\tenrm +
.\tenrm ;
.\glue(\thinmuskip) 1.66663
.\teni o
.\teni u
.etc.


Overfull \hbox (201.17921pt too wide) in paragraph at lines 1502--1597
\teni mxCreateDoubleMatrix\tenrm (1\teni ; \tenrm 1\teni ; mxREAL\tenrm ); \ten
sy ^^C\teni mxGetDoubles\tenrm (\teni plhs\tenrm [0]) = \teni out\tenrm 0[]\ten
i elseplhs\tenrm [0] = \teni mxCreateDoubleMatrix\tenrm (1\teni ; \tenrm 1\teni
 ; mxREAL\tenrm ); \tensy ^^C\teni mxGetPr\tenrm (\teni plhs\tenrm [0]) =|

\hbox(7.5+2.86108)x469.75499
.\teni m
.\teni x
.\teni C
.\kern0.71527
.\teni r
.etc.

! Missing $ inserted.
<inserted text> 
                $
<to be read again> 
                   _
l.1598 mw_
          err_label:
? 
! Extra }, or forgotten $.
l.1601 }
        
? 
! Missing $ inserted.
<inserted text> 
                $
<to be read again> 
                   \par 
l.1602 
       
? 
! Missing $ inserted.
<inserted text> 
                $
<to be read again> 
                   _
l.1604  * int ier = finufftf_
                             setpts(finufftf_plan plan, int64_t nj, float[] ...

? 
! Missing $ inserted.
<inserted text> 
                $
<to be read again> 
                   \par 
l.1607 
       
? 

Overfull \hbox (259.35922pt too wide) in paragraph at lines 1603--1607
[]\tenrm /* ---- fi-nufft.mw: 217 ---- * int ier = finufftf$[]\teni etpts\tenrm
 (\teni finufftf[]lanplan; int\tenrm 64[]\teni nj; float\tenrm []\teni xj; floa
t\tenrm []\teni yj; float\tenrm []\teni zj; int\tenrm 64[]\teni nk; float\tenrm
 []\teni s; float\tenrm []\teni t; float\tenrm []\teni u\tenrm ); \tensy ^^C\te
ni =staticconstchar \tensy ^^C|

\hbox(7.5+2.86108)x469.75499, glue set - 1.0
.\hbox(0.0+0.0)x20.0
.\tenrm /
.\tenrm *
.\glue 3.33333 plus 1.66666 minus 1.11111
.\tenrm | (ligature ---)
.etc.


Overfull \hbox (48.92152pt too wide) in paragraph at lines 1603--1607
\teni stubids\tenrm 12[]"\teni oint \tenrm = \teni finufftf[]etpts\tenrm (\teni
 ifinufftf[]lan; iint\tenrm 64[]\teni ; ifloat\tenrm []\teni ; ifloat\tenrm []\
teni ; ifloat\tenrm []\teni ; iint\tenrm 64[]\teni ; ifloat\tenrm []\teni ; ifl
oat\tenrm []\teni ; ifloat\tenrm [])";$ |

\hbox(7.5+2.86108)x469.75499
.\teni s
.\teni t
.\teni u
.\teni b
.\teni i
.etc.

! Missing $ inserted.
<inserted text> 
                $
<to be read again> 
                   _
l.1611     const char* mw_
                          err_txt_ = 0;
? 
! Missing $ inserted.
<inserted text> 
                $
<to be read again> 
                   \par 
l.1622 
       
? 

Overfull \hbox (51.48618pt too wide) in paragraph at lines 1608--1622
[]\tenrm void me-xStub12(int nlhs, mxAr-ray* plhs[], int nrhs, const mxAr-ray* 
prhs[])  const char* mw$[]\teni rr[]xt[]\tenrm 0; \teni finufftf[]lan \tensy ^^
C|

\hbox(7.5+2.86108)x469.75499, glue set - 1.0
.\hbox(0.0+0.0)x20.0
.\tenrm v
.\kern-0.27779
.\tenrm o
.\tenrm i
.etc.

! Missing $ inserted.
<inserted text> 
                $
<to be read again> 
                   _
l.1623     in0_
                = (finufftf_plan*) mxWrapGetP(prhs[0], "finufftf_plan:%p", &...

? 
! Misplaced alignment tab character &.
l.1629 ..._ = (int64_t) mxWrapGetScalar(prhs[1], &
                                                  mw_err_txt_);
? 
! You can't use `macro parameter character #' in math mode.
l.1636 #
        if MX_HAS_INTERLEAVED_COMPLEX
? 
! You can't use `macro parameter character #' in math mode.
l.1638 #
        else
? 
! You can't use `macro parameter character #' in math mode.
l.1640 #
        endif
? 
! You can't use `macro parameter character #' in math mode.
l.1647 #
        if MX_HAS_INTERLEAVED_COMPLEX
? 
! You can't use `macro parameter character #' in math mode.
l.1649 #
        else
? 
! You can't use `macro parameter character #' in math mode.
l.1651 #
        endif
? 
! You can't use `macro parameter character #' in math mode.
l.1658 #
        if MX_HAS_INTERLEAVED_COMPLEX
? 
! You can't use `macro parameter character #' in math mode.
l.1660 #
        else
? 
! You can't use `macro parameter character #' in math mode.
l.1662 #
        endif
? 
! Misplaced alignment tab character &.
l.1668 ..._ = (int64_t) mxWrapGetScalar(prhs[5], &
                                                  mw_err_txt_);
? 
! You can't use `macro parameter character #' in math mode.
l.1675 #
        if MX_HAS_INTERLEAVED_COMPLEX
? 
! You can't use `macro parameter character #' in math mode.
l.1677 #
        else
? 
! You can't use `macro parameter character #' in math mode.
l.1679 #
        endif
? 
! You can't use `macro parameter character #' in math mode.
l.1686 #
        if MX_HAS_INTERLEAVED_COMPLEX
? 
! You can't use `macro parameter character #' in math mode.
l.1688 #
        else
? 
! You can't use `macro parameter character #' in math mode.
l.1690 #
        endif
? 
! You can't use `macro parameter character #' in math mode.
l.1697 #
        if MX_HAS_INTERLEAVED_COMPLEX
? 
! You can't use `macro parameter character #' in math mode.
l.1699 #
        else
? 
! You can't use `macro parameter character #' in math mode.
l.1701 #
        endif
? 
! You can't use `macro parameter character #' in math mode.
l.1711 #
        if MX_HAS_INTERLEAVED_COMPLEX
? 
! You can't use `macro parameter character #' in math mode.
l.1714 #
        else
? 
! You can't use `macro parameter character #' in math mode.
l.1717 #
        endif
? 
! Missing $ inserted.
<inserted text> 
                $
<to be read again> 
                   \par 
l.1718 
       
? 

Overfull \hbox (88.75397pt too wide) in paragraph at lines 1623--1718
[]\tenrm in0$[](\teni finufftf[]lan\tensy ^^C\tenrm )\teni mxWrapGetP\tenrm (\t
eni prhs\tenrm [0]\teni ; \tenrm "\teni finufftf[]lan \tenrm : \teni if\tenrm (
\teni mw[]rr[]xt[]gotomw[]rr[]abel\tenrm ; \teni if\tenrm (\teni mxGetClassID\t
enrm (\teni prhs\tenrm [1])! =|

\hbox(7.5+3.55557)x469.75499
.\hbox(0.0+0.0)x20.0
.\tenrm i
.\tenrm n
.\tenrm 0
.\mathon
.etc.


Overfull \hbox (530.08076pt too wide) in paragraph at lines 1623--1718
\teni mxDOUBLE[]LASS\tenrm )\teni mw[]rr[]xt[]\tenrm "\teni Invalidscalarargume
nt; mxDOUBLE[]LASSexpected\tenrm "; \teni if\tenrm (\teni mw[]rr[]xt[]gotomw[]r
r[]abel\tenrm ; \teni in\tenrm 1[](\teni int\tenrm 64[])\teni mxWrapGetScalar\t
enrm (\teni prhs\tenrm [1]\teni ; mw[]rr[]xt[]\tenrm ; \teni if\tenrm (\teni mw
[]rr[]xt[]gotomw[]rr[]abel\tenrm ; \teni if\tenrm (\teni mxGetM\tenrm (\teni pr
hs\tenrm [2]) \tensy ^^C|

\hbox(7.5+3.55557)x469.75499, glue set - 1.0
.\teni m
.\teni x
.\teni D
.\kern0.27779
.\teni O
.etc.


Overfull \hbox (986.2648pt too wide) in paragraph at lines 1623--1718
\teni mxGetN\tenrm (\teni prhs\tenrm [2])! = 0)[]\teni elsein\tenrm 2[]\teni NU
LL\tenrm ; \teni if\tenrm (\teni mxGetM\tenrm (\teni prhs\tenrm [3]) \tensy ^^C
|

\hbox(7.5+3.55557)x469.75499, glue set - 1.0
.\teni m
.\teni x
.\teni G
.\teni e
.\teni t
.etc.


Overfull \hbox (986.2648pt too wide) in paragraph at lines 1623--1718
\teni mxGetN\tenrm (\teni prhs\tenrm [3])! = 0)[]\teni elsein\tenrm 3[]\teni NU
LL\tenrm ; \teni if\tenrm (\teni mxGetM\tenrm (\teni prhs\tenrm [4]) \tensy ^^C
|

\hbox(7.5+3.55557)x469.75499, glue set - 1.0
.\teni m
.\teni x
.\teni G
.\teni e
.\teni t
.etc.


Overfull \hbox (1023.24786pt too wide) in paragraph at lines 1623--1718
\teni mxGetN\tenrm (\teni prhs\tenrm [4])! = 0)[]\teni elsein\tenrm 4[]\teni NU
LL\tenrm ; \teni if\tenrm (\teni mxGetClassID\tenrm (\teni prhs\tenrm [5])! =|

\hbox(7.5+3.55557)x469.75499
.\teni m
.\teni x
.\teni G
.\teni e
.\teni t
.etc.


Overfull \hbox (530.08076pt too wide) in paragraph at lines 1623--1718
\teni mxDOUBLE[]LASS\tenrm )\teni mw[]rr[]xt[]\tenrm "\teni Invalidscalarargume
nt; mxDOUBLE[]LASSexpected\tenrm "; \teni if\tenrm (\teni mw[]rr[]xt[]gotomw[]r
r[]abel\tenrm ; \teni in\tenrm 5[](\teni int\tenrm 64[])\teni mxWrapGetScalar\t
enrm (\teni prhs\tenrm [5]\teni ; mw[]rr[]xt[]\tenrm ; \teni if\tenrm (\teni mw
[]rr[]xt[]gotomw[]rr[]abel\tenrm ; \teni if\tenrm (\teni mxGetM\tenrm (\teni pr
hs\tenrm [6]) \tensy ^^C|

\hbox(7.5+3.55557)x469.75499, glue set - 1.0
.\teni m
.\teni x
.\teni D
.\kern0.27779
.\teni O
.etc.


Overfull \hbox (986.2648pt too wide) in paragraph at lines 1623--1718
\teni mxGetN\tenrm (\teni prhs\tenrm [6])! = 0)[]\teni elsein\tenrm 6[]\teni NU
LL\tenrm ; \teni if\tenrm (\teni mxGetM\tenrm (\teni prhs\tenrm [7]) \tensy ^^C
|

\hbox(7.5+3.55557)x469.75499, glue set - 1.0
.\teni m
.\teni x
.\teni G
.\teni e
.\teni t
.etc.


Overfull \hbox (986.2648pt too wide) in paragraph at lines 1623--1718
\teni mxGetN\tenrm (\teni prhs\tenrm [7])! = 0)[]\teni elsein\tenrm 7[]\teni NU
LL\tenrm ; \teni if\tenrm (\teni mxGetM\tenrm (\teni prhs\tenrm [8]) \tensy ^^C
|

\hbox(7.5+3.55557)x469.75499, glue set - 1.0
.\teni m
.\teni x
.\teni G
.\teni e
.\teni t
.etc.


Overfull \hbox (1356.65857pt too wide) in paragraph at lines 1623--1718
\teni mxGetN\tenrm (\teni prhs\tenrm [8])! = 0)[]\teni elsein\tenrm 8[]\teni NU
LL\tenrm ; \teni if\tenrm (!\teni in\tenrm 0[][]\teni if\tenrm (\teni mexprofre
cord[]mexprofrecord[]\tenrm 12] +|

\hbox(7.5+3.55557)x469.75499, glue set - 1.0
.\teni m
.\teni x
.\teni G
.\teni e
.\teni t
.etc.


Overfull \hbox (35.42148pt too wide) in paragraph at lines 1623--1718
\tenrm +; \teni out\tenrm 0[]\teni finufftf[]etpts\tenrm (\tensy ^^C\teni in\te
nrm 0[]\teni in\tenrm 1[]\teni in\tenrm 2[]\teni in\tenrm 3[]\teni in\tenrm 4[]
\teni in\tenrm 5[]\teni in\tenrm 6[]\teni in\tenrm 7[]\teni in\tenrm 8[]; \teni
 ifMX[]AS[]NTERLEAVED[]OMPLEXplhs\tenrm [0] =|

\hbox(7.5+3.55557)x469.75499
.\tenrm +
.\tenrm ;
.\glue(\thinmuskip) 1.66663
.\teni o
.\teni u
.etc.


Overfull \hbox (201.17921pt too wide) in paragraph at lines 1623--1718
\teni mxCreateDoubleMatrix\tenrm (1\teni ; \tenrm 1\teni ; mxREAL\tenrm ); \ten
sy ^^C\teni mxGetDoubles\tenrm (\teni plhs\tenrm [0]) = \teni out\tenrm 0[]\ten
i elseplhs\tenrm [0] = \teni mxCreateDoubleMatrix\tenrm (1\teni ; \tenrm 1\teni
 ; mxREAL\tenrm ); \tensy ^^C\teni mxGetPr\tenrm (\teni plhs\tenrm [0]) =|

\hbox(7.5+2.86108)x469.75499
.\teni m
.\teni x
.\teni C
.\kern0.71527
.\teni r
.etc.

! Missing $ inserted.
<inserted text> 
                $
<to be read again> 
                   _
l.1719 mw_
          err_label:
? 
! Extra }, or forgotten $.
l.1722 }
        
? 
! Missing $ inserted.
<inserted text> 
                $
<to be read again> 
                   \par 
l.1723 
       
? 
! Missing $ inserted.
<inserted text> 
                $
<to be read again> 
                   _
l.1725  * int ier = finufft_
                            execute(finufft_plan plan, dcomplex[] data_in, o...

? 
! Missing $ inserted.
<inserted text> 
                $
<to be read again> 
                   \par 
l.1728 
       
? 

Overfull \hbox (158.80605pt too wide) in paragraph at lines 1724--1728
[]\tenrm /* ---- fi-nufft.mw: 244 ---- * int ier = finufft$[]\teni xecute\tenrm
 (\teni finufft[]lanplan; dcomplex\tenrm []\teni data[]n; outputdcomplex\tenrm 
[\teni ncoeffs\tenrm ]\teni result\tenrm ); \tensy ^^C\teni =staticconstchar \t
ensy ^^C|

\hbox(7.5+2.86108)x469.75499, glue set - 1.0
.\hbox(0.0+0.0)x20.0
.\tenrm /
.\tenrm *
.\glue 3.33333 plus 1.66666 minus 1.11111
.\tenrm | (ligature ---)
.etc.

! Missing $ inserted.
<inserted text> 
                $
<to be read again> 
                   _
l.1732     const char* mw_
                          err_txt_ = 0;
? 
! Missing $ inserted.
<inserted text> 
                $
<to be read again> 
                   \par 
l.1738 
       
? 

Overfull \hbox (46.59032pt too wide) in paragraph at lines 1729--1738
[]\tenrm void me-xStub13(int nlhs, mxAr-ray* plhs[], int nrhs, const mxAr-ray* 
prhs[])  const char* mw$[]\teni rr[]xt[]\tenrm 0; \teni finufft[]lan \tensy ^^C
|

\hbox(7.5+2.86108)x469.75499, glue set - 1.0
.\hbox(0.0+0.0)x20.0
.\tenrm v
.\kern-0.27779
.\tenrm o
.\tenrm i
.etc.

! Missing $ inserted.
<inserted text> 
                $
<to be read again> 
                   _
l.1739     dim2_
                 = (mwSize) mxWrapGetScalar(prhs[2], &mw_err_txt_);
? 
! Misplaced alignment tab character &.
l.1739 ...2_ = (mwSize) mxWrapGetScalar(prhs[2], &
                                                  mw_err_txt_);
? 
! Missing $ inserted.
<inserted text> 
                $
<to be read again> 
                   \par 
l.1740 
       
? 
! Missing $ inserted.
<inserted text> 
                $
<to be read again> 
                   _
l.1741     in0_
                = (finufft_plan*) mxWrapGetP(prhs[0], "finufft_plan:%p", &mw...

? 
! Misplaced alignment tab character &.
l.1748 ...n1_ = mxWrapGetArray_dcomplex(prhs[1], &
                                                  mw_err_txt_);
? 
! You can't use `macro parameter character #' in math mode.
l.1761 #
        if MX_HAS_INTERLEAVED_COMPLEX
? 
! You can't use `macro parameter character #' in math mode.
l.1764 #
        else
? 
! You can't use `macro parameter character #' in math mode.
l.1767 #
        endif
? 
! Missing $ inserted.
<inserted text> 
                $
<to be read again> 
                   \par 
l.1770 
       
? 

Overfull \hbox (41.97919pt too wide) in paragraph at lines 1741--1770
[]\tenrm in0$[](\teni finufft[]lan\tensy ^^C\tenrm )\teni mxWrapGetP\tenrm (\te
ni prhs\tenrm [0]\teni ; \tenrm "\teni finufft[]lan \tenrm : \teni if\tenrm (\t
eni mw[]rr[]xt[]gotomw[]rr[]abel\tenrm ; \teni if\tenrm (\teni mxGetM\tenrm (\t
eni prhs\tenrm [1]) \tensy ^^C|

\hbox(7.5+3.55557)x469.75499, glue set - 1.0
.\hbox(0.0+0.0)x20.0
.\tenrm i
.\tenrm n
.\tenrm 0
.\mathon
.etc.


Overfull \hbox (1459.92384pt too wide) in paragraph at lines 1741--1770
\teni mxGetN\tenrm (\teni prhs\tenrm [1])! = 0)[]\teni elsein\tenrm 1[]\teni NU
LL\tenrm ; \teni if\tenrm (!\teni in\tenrm 0[][]\teni out\tenrm 1[](\teni dcomp
lex\tensy ^^C\tenrm )\teni mxMalloc\tenrm (\teni dim\tenrm 2[]\teni sizeof\tenr
m (\teni dcomplex\tenrm )); \teni if\tenrm (\teni mexprofrecord[]mexprofrecord[
]\tenrm 13] +|

\hbox(7.5+3.55557)x469.75499, glue set - 1.0
.\teni m
.\teni x
.\teni G
.\teni e
.\teni t
.etc.


Overfull \hbox (246.13025pt too wide) in paragraph at lines 1741--1770
\tenrm +; \teni out\tenrm 0[]\teni finufft[]xecute\tenrm (\tensy ^^C\teni in\te
nrm 0[]\teni in\tenrm 1[]\teni out\tenrm 1[]; \teni ifMX[]AS[]NTERLEAVED[]OMPLE
Xplhs\tenrm [0] = \teni mxCreateDoubleMatrix\tenrm (1\teni ; \tenrm 1\teni ; mx
REAL\tenrm ); \tensy ^^C\teni mxGetDoubles\tenrm (\teni plhs\tenrm [0]) =|

\hbox(7.5+3.55557)x469.75499
.\tenrm +
.\tenrm ;
.\glue(\thinmuskip) 1.66663
.\teni o
.\teni u
.etc.

[5]
! Missing $ inserted.
<inserted text> 
                $
<to be read again> 
                   _
l.1771 mw_
          err_label:
? 
! Extra }, or forgotten $.
l.1776 }
        
? 
! Missing $ inserted.
<inserted text> 
                $
<to be read again> 
                   \par 
l.1777 
       
? 
! Missing $ inserted.
<inserted text> 
                $
<to be read again> 
                   _
l.1779  * int ier = finufftf_
                             execute(finufftf_plan plan, fcomplex[] data_in,...

? 
! Missing $ inserted.
<inserted text> 
                $
<to be read again> 
                   \par 
l.1782 
       
? 

Overfull \hbox (168.29227pt too wide) in paragraph at lines 1778--1782
[]\tenrm /* ---- fi-nufft.mw: 246 ---- * int ier = finufftf$[]\teni xecute\tenr
m (\teni finufftf[]lanplan; fcomplex\tenrm []\teni data[]n; outputfcomplex\tenr
m [\teni ncoeffs\tenrm ]\teni result\tenrm ); \tensy ^^C\teni =staticconstchar 
\tensy ^^C|

\hbox(7.5+2.86108)x469.75499, glue set - 1.0
.\hbox(0.0+0.0)x20.0
.\tenrm /
.\tenrm *
.\glue 3.33333 plus 1.66666 minus 1.11111
.\tenrm | (ligature ---)
.etc.

! Missing $ inserted.
<inserted text> 
                $
<to be read again> 
                   _
l.1786     const char* mw_
                          err_txt_ = 0;
? 
! Missing $ inserted.
<inserted text> 
                $
<to be read again> 
                   \par 
l.1792 
       
? 

Overfull \hbox (51.48618pt too wide) in paragraph at lines 1783--1792
[]\tenrm void me-xStub14(int nlhs, mxAr-ray* plhs[], int nrhs, const mxAr-ray* 
prhs[])  const char* mw$[]\teni rr[]xt[]\tenrm 0; \teni finufftf[]lan \tensy ^^
C|

\hbox(7.5+2.86108)x469.75499, glue set - 1.0
.\hbox(0.0+0.0)x20.0
.\tenrm v
.\kern-0.27779
.\tenrm o
.\tenrm i
.etc.

! Missing $ inserted.
<inserted text> 
                $
<to be read again> 
                   _
l.1793     dim2_
                 = (mwSize) mxWrapGetScalar(prhs[2], &mw_err_txt_);
? 
! Misplaced alignment tab character &.
l.1793 ...2_ = (mwSize) mxWrapGetScalar(prhs[2], &
                                                  mw_err_txt_);
? 
! Missing $ inserted.
<inserted text> 
                $
<to be read again> 
                   \par 
l.1794 
       
? 
! Missing $ inserted.
<inserted text> 
                $
<to be read again> 
                   _
l.1795     in0_
                = (finufftf_plan*) mxWrapGetP(prhs[0], "finufftf_plan:%p", &...

? 
! Misplaced alignment tab character &.
l.1802 ...xWrapGetArray_single_fcomplex(prhs[1], &
                                                  mw_err_txt_);
? 
! You can't use `macro parameter character #' in math mode.
l.1815 #
        if MX_HAS_INTERLEAVED_COMPLEX
? 
! You can't use `macro parameter character #' in math mode.
l.1818 #
        else
? 
! You can't use `macro parameter character #' in math mode.
l.1821 #
        endif
? 
! Missing $ inserted.
<inserted text> 
                $
<to be read again> 
                   \par 
l.1824 
       
? 

Overfull \hbox (51.7709pt too wide) in paragraph at lines 1795--1824
[]\tenrm in0$[](\teni finufftf[]lan\tensy ^^C\tenrm )\teni mxWrapGetP\tenrm (\t
eni prhs\tenrm [0]\teni ; \tenrm "\teni finufftf[]lan \tenrm : \teni if\tenrm (
\teni mw[]rr[]xt[]gotomw[]rr[]abel\tenrm ; \teni if\tenrm (\teni mxGetM\tenrm (
\teni prhs\tenrm [1]) \tensy ^^C|

\hbox(7.5+3.55557)x469.75499, glue set - 1.0
.\hbox(0.0+0.0)x20.0
.\tenrm i
.\tenrm n
.\tenrm 0
.\mathon
.etc.


Overfull \hbox (1481.48491pt too wide) in paragraph at lines 1795--1824
\teni mxGetN\tenrm (\teni prhs\tenrm [1])! = 0)[]\teni elsein\tenrm 1[]\teni NU
LL\tenrm ; \teni if\tenrm (!\teni in\tenrm 0[][]\teni out\tenrm 1[](\teni fcomp
lex\tensy ^^C\tenrm )\teni mxMalloc\tenrm (\teni dim\tenrm 2[]\teni sizeof\tenr
m (\teni fcomplex\tenrm )); \teni if\tenrm (\teni mexprofrecord[]mexprofrecord[
]\tenrm 14] +|

\hbox(7.5+3.55557)x469.75499, glue set - 1.0
.\teni m
.\teni x
.\teni G
.\teni e
.\teni t
.etc.


Overfull \hbox (251.02611pt too wide) in paragraph at lines 1795--1824
\tenrm +; \teni out\tenrm 0[]\teni finufftf[]xecute\tenrm (\tensy ^^C\teni in\t
enrm 0[]\teni in\tenrm 1[]\teni out\tenrm 1[]; \teni ifMX[]AS[]NTERLEAVED[]OMPL
EXplhs\tenrm [0] = \teni mxCreateDoubleMatrix\tenrm (1\teni ; \tenrm 1\teni ; m
xREAL\tenrm ); \tensy ^^C\teni mxGetDoubles\tenrm (\teni plhs\tenrm [0]) =|

\hbox(7.5+3.55557)x469.75499
.\tenrm +
.\tenrm ;
.\glue(\thinmuskip) 1.66663
.\teni o
.\teni u
.etc.


Overfull \hbox (85.58296pt too wide) in paragraph at lines 1795--1824
\teni mxCreateNumericMatrix\tenrm (\teni dim\tenrm 2[]1\teni ; mxSINGLE[]LASS; 
mxCOMPLEX\tenrm ); \teni mxWrapCopy[]ingle[]complex\tenrm (\teni plhs\tenrm [1]
\teni ; out\tenrm 1[]\teni dim\tenrm 2[];$ |

\hbox(7.5+3.55557)x469.75499
.\teni m
.\teni x
.\teni C
.\kern0.71527
.\teni r
.etc.

! Missing $ inserted.
<inserted text> 
                $
<to be read again> 
                   _
l.1825 mw_
          err_label:
? 
! Extra }, or forgotten $.
l.1830 }
        
? 
! Missing $ inserted.
<inserted text> 
                $
<to be read again> 
                   \par 
l.1831 
       
? 
! Missing $ inserted.
<inserted text> 
                $
<to be read again> 
                   _
l.1833  * int ier = finufft_
                            execute(finufft_plan plan, output dcomplex[nj, n...

? 
! Missing $ inserted.
<inserted text> 
                $
<to be read again> 
                   \par 
l.1836 
       
? 

Overfull \hbox (167.21062pt too wide) in paragraph at lines 1832--1836
[]\tenrm /* ---- fi-nufft.mw: 252 ---- * int ier = finufft$[]\teni xecute\tenrm
 (\teni finufft[]lanplan; outputdcomplex\tenrm [\teni nj; n[]rans\tenrm ]\teni 
result; dcomplex\tenrm []\teni data[]n\tenrm ); \tensy ^^C\teni =staticconstcha
r \tensy ^^C|

\hbox(7.5+2.86108)x469.75499, glue set - 1.0
.\hbox(0.0+0.0)x20.0
.\tenrm /
.\tenrm *
.\glue 3.33333 plus 1.66666 minus 1.11111
.\tenrm | (ligature ---)
.etc.

! Missing $ inserted.
<inserted text> 
                $
<to be read again> 
                   _
l.1840     const char* mw_
                          err_txt_ = 0;
? 
! Missing $ inserted.
<inserted text> 
                $
<to be read again> 
                   \par 
l.1847 
       
? 

Overfull \hbox (46.59032pt too wide) in paragraph at lines 1837--1847
[]\tenrm void me-xStub15(int nlhs, mxAr-ray* plhs[], int nrhs, const mxAr-ray* 
prhs[])  const char* mw$[]\teni rr[]xt[]\tenrm 0; \teni finufft[]lan \tensy ^^C
|

\hbox(7.5+2.86108)x469.75499, glue set - 1.0
.\hbox(0.0+0.0)x20.0
.\tenrm v
.\kern-0.27779
.\tenrm o
.\tenrm i
.etc.

! Missing $ inserted.
<inserted text> 
                $
<to be read again> 
                   _
l.1848     dim2_
                 = (mwSize) mxWrapGetScalar(prhs[2], &mw_err_txt_);
? 
! Misplaced alignment tab character &.
l.1848 ...2_ = (mwSize) mxWrapGetScalar(prhs[2], &
                                                  mw_err_txt_);
? 
! Misplaced alignment tab character &.
l.1849 ...3_ = (mwSize) mxWrapGetScalar(prhs[3], &
                                                  mw_err_txt_);
? 
! Missing $ inserted.
<inserted text> 
                $
<to be read again> 
                   \par 
l.1850 
       
? 

Overfull \hbox (45.23016pt too wide) in paragraph at lines 1848--1850
[]\tenrm dim2$[](\teni mwSize\tenrm )\teni mxWrapGetScalar\tenrm (\teni prhs\te
nrm [2]\teni ; mw[]rr[]xt[]\tenrm ; \teni dim\tenrm 3[](\teni mwSize\tenrm )\te
ni mxWrapGetScalar\tenrm (\teni prhs\tenrm [3]\teni ; mw[]rr[]xt[]\tenrm ;$ |

\hbox(7.5+3.55557)x469.75499
.\hbox(0.0+0.0)x20.0
.\tenrm d
.\tenrm i
.\tenrm m
.\tenrm 2
.etc.

! Missing $ inserted.
<inserted text> 
                $
<to be read again> 
                   _
l.1851     in0_
                = (finufft_plan*) mxWrapGetP(prhs[0], "finufft_plan:%p", &mw...

? 
! Misplaced alignment tab character &.
l.1858 ...n1_ = mxWrapGetArray_dcomplex(prhs[1], &
                                                  mw_err_txt_);
? 
! You can't use `macro parameter character #' in math mode.
l.1871 #
        if MX_HAS_INTERLEAVED_COMPLEX
? 
! You can't use `macro parameter character #' in math mode.
l.1874 #
        else
? 
! You can't use `macro parameter character #' in math mode.
l.1877 #
        endif
? 
! Missing $ inserted.
<inserted text> 
                $
<to be read again> 
                   \par 
l.1880 
       
? 

Overfull \hbox (41.97919pt too wide) in paragraph at lines 1851--1880
[]\tenrm in0$[](\teni finufft[]lan\tensy ^^C\tenrm )\teni mxWrapGetP\tenrm (\te
ni prhs\tenrm [0]\teni ; \tenrm "\teni finufft[]lan \tenrm : \teni if\tenrm (\t
eni mw[]rr[]xt[]gotomw[]rr[]abel\tenrm ; \teni if\tenrm (\teni mxGetM\tenrm (\t
eni prhs\tenrm [1]) \tensy ^^C|

\hbox(7.5+3.55557)x469.75499, glue set - 1.0
.\hbox(0.0+0.0)x20.0
.\tenrm i
.\tenrm n
.\tenrm 0
.\mathon
.etc.


Overfull \hbox (1486.95122pt too wide) in paragraph at lines 1851--1880
\teni mxGetN\tenrm (\teni prhs\tenrm [1])! = 0)[]\teni elsein\tenrm 1[]\teni NU
LL\tenrm ; \teni if\tenrm (!\teni in\tenrm 0[][]\teni out\tenrm 1[](\teni dcomp
lex\tensy ^^C\tenrm )\teni mxMalloc\tenrm (\teni dim\tenrm 2[]\teni dim\tenrm 3
[]\teni sizeof\tenrm (\teni dcomplex\tenrm )); \teni if\tenrm (\teni mexprofrec
ord[]mexprofrecord[]\tenrm 15] +|

\hbox(7.5+3.55557)x469.75499, glue set - 1.0
.\teni m
.\teni x
.\teni G
.\teni e
.\teni t
.etc.


Overfull \hbox (246.13025pt too wide) in paragraph at lines 1851--1880
\tenrm +; \teni out\tenrm 0[]\teni finufft[]xecute\tenrm (\tensy ^^C\teni in\te
nrm 0[]\teni out\tenrm 1[]\teni in\tenrm 1[]; \teni ifMX[]AS[]NTERLEAVED[]OMPLE
Xplhs\tenrm [0] = \teni mxCreateDoubleMatrix\tenrm (1\teni ; \tenrm 1\teni ; mx
REAL\tenrm ); \tensy ^^C\teni mxGetDoubles\tenrm (\teni plhs\tenrm [0]) =|

\hbox(7.5+3.55557)x469.75499
.\tenrm +
.\tenrm ;
.\glue(\thinmuskip) 1.66663
.\teni o
.\teni u
.etc.

! Missing $ inserted.
<inserted text> 
                $
<to be read again> 
                   _
l.1881 mw_
          err_label:
? 
! Extra }, or forgotten $.
l.1886 }
        
? 
! Missing $ inserted.
<inserted text> 
                $
<to be read again> 
                   \par 
l.1887 
       
? 
! Missing $ inserted.
<inserted text> 
                $
<to be read again> 
                   _
l.1889  * int ier = finufftf_
                             execute(finufftf_plan plan, output fcomplex[nj,...

? 
! Missing $ inserted.
<inserted text> 
                $
<to be read again> 
                   \par 
l.1892 
       
? 

Overfull \hbox (176.69684pt too wide) in paragraph at lines 1888--1892
[]\tenrm /* ---- fi-nufft.mw: 254 ---- * int ier = finufftf$[]\teni xecute\tenr
m (\teni finufftf[]lanplan; outputfcomplex\tenrm [\teni nj; n[]rans\tenrm ]\ten
i result; fcomplex\tenrm []\teni data[]n\tenrm ); \tensy ^^C\teni =staticconstc
har \tensy ^^C|

\hbox(7.5+2.86108)x469.75499, glue set - 1.0
.\hbox(0.0+0.0)x20.0
.\tenrm /
.\tenrm *
.\glue 3.33333 plus 1.66666 minus 1.11111
.\tenrm | (ligature ---)
.etc.

! Missing $ inserted.
<inserted text> 
                $
<to be read again> 
                   _
l.1896     const char* mw_
                          err_txt_ = 0;
? 
! Missing $ inserted.
<inserted text> 
                $
<to be read again> 
                   \par 
l.1903 
       
? 

Overfull \hbox (51.48618pt too wide) in paragraph at lines 1893--1903
[]\tenrm void me-xStub16(int nlhs, mxAr-ray* plhs[], int nrhs, const mxAr-ray* 
prhs[])  const char* mw$[]\teni rr[]xt[]\tenrm 0; \teni finufftf[]lan \tensy ^^
C|

\hbox(7.5+2.86108)x469.75499, glue set - 1.0
.\hbox(0.0+0.0)x20.0
.\tenrm v
.\kern-0.27779
.\tenrm o
.\tenrm i
.etc.

! Missing $ inserted.
<inserted text> 
                $
<to be read again> 
                   _
l.1904     dim2_
                 = (mwSize) mxWrapGetScalar(prhs[2], &mw_err_txt_);
? 
! Misplaced alignment tab character &.
l.1904 ...2_ = (mwSize) mxWrapGetScalar(prhs[2], &
                                                  mw_err_txt_);
? 
! Misplaced alignment tab character &.
l.1905 ...3_ = (mwSize) mxWrapGetScalar(prhs[3], &
                                                  mw_err_txt_);
? 
! Missing $ inserted.
<inserted text> 
                $
<to be read again> 
                   \par 
l.1906 
       
? 

Overfull \hbox (45.23016pt too wide) in paragraph at lines 1904--1906
[]\tenrm dim2$[](\teni mwSize\tenrm )\teni mxWrapGetScalar\tenrm (\teni prhs\te
nrm [2]\teni ; mw[]rr[]xt[]\tenrm ; \teni dim\tenrm 3[](\teni mwSize\tenrm )\te
ni mxWrapGetScalar\tenrm (\teni prhs\tenrm [3]\teni ; mw[]rr[]xt[]\tenrm ;$ |

\hbox(7.5+3.55557)x469.75499
.\hbox(0.0+0.0)x20.0
.\tenrm d
.\tenrm i
.\tenrm m
.\tenrm 2
.etc.

! Missing $ inserted.
<inserted text> 
                $
<to be read again> 
                   _
l.1907     in0_
                = (finufftf_plan*) mxWrapGetP(prhs[0], "finufftf_plan:%p", &...

? 
! Misplaced alignment tab character &.
l.1914 ...xWrapGetArray_single_fcomplex(prhs[1], &
                                                  mw_err_txt_);
? 
! You can't use `macro parameter character #' in math mode.
l.1927 #
        if MX_HAS_INTERLEAVED_COMPLEX
? 
! You can't use `macro parameter character #' in math mode.
l.1930 #
        else
? 
! You can't use `macro parameter character #' in math mode.
l.1933 #
        endif
? 
! Missing $ inserted.
<inserted text> 
                $
<to be read again> 
                   \par 
l.1936 
       
? 

Overfull \hbox (51.7709pt too wide) in paragraph at lines 1907--1936
[]\tenrm in0$[](\teni finufftf[]lan\tensy ^^C\tenrm )\teni mxWrapGetP\tenrm (\t
eni prhs\tenrm [0]\teni ; \tenrm "\teni finufftf[]lan \tenrm : \teni if\tenrm (
\teni mw[]rr[]xt[]gotomw[]rr[]abel\tenrm ; \teni if\tenrm (\teni mxGetM\tenrm (
\teni prhs\tenrm [1]) \tensy ^^C|

\hbox(7.5+3.55557)x469.75499, glue set - 1.0
.\hbox(0.0+0.0)x20.0
.\tenrm i
.\tenrm n
.\tenrm 0
.\mathon
.etc.


Overfull \hbox (1508.51228pt too wide) in paragraph at lines 1907--1936
\teni mxGetN\tenrm (\teni prhs\tenrm [1])! = 0)[]\teni elsein\tenrm 1[]\teni NU
LL\tenrm ; \teni if\tenrm (!\teni in\tenrm 0[][]\teni out\tenrm 1[](\teni fcomp
lex\tensy ^^C\tenrm )\teni mxMalloc\tenrm (\teni dim\tenrm 2[]\teni dim\tenrm 3
[]\teni sizeof\tenrm (\teni fcomplex\tenrm )); \teni if\tenrm (\teni mexprofrec
ord[]mexprofrecord[]\tenrm 16] +|

\hbox(7.5+3.55557)x469.75499, glue set - 1.0
.\teni m
.\teni x
.\teni G
.\teni e
.\teni t
.etc.


Overfull \hbox (251.02611pt too wide) in paragraph at lines 1907--1936
\tenrm +; \teni out\tenrm 0[]\teni finufftf[]xecute\tenrm (\tensy ^^C\teni in\t
enrm 0[]\teni out\tenrm 1[]\teni in\tenrm 1[]; \teni ifMX[]AS[]NTERLEAVED[]OMPL
EXplhs\tenrm [0] = \teni mxCreateDoubleMatrix\tenrm (1\teni ; \tenrm 1\teni ; m
xREAL\tenrm ); \tensy ^^C\teni mxGetDoubles\tenrm (\teni plhs\tenrm [0]) =|

\hbox(7.5+3.55557)x469.75499
.\tenrm +
.\tenrm ;
.\glue(\thinmuskip) 1.66663
.\teni o
.\teni u
.etc.


Overfull \hbox (128.47105pt too wide) in paragraph at lines 1907--1936
\teni mxCreateNumericMatrix\tenrm (\teni dim\tenrm 2[]\teni dim\tenrm 3[]\teni 
mxSINGLE[]LASS; mxCOMPLEX\tenrm ); \teni mxWrapCopy[]ingle[]complex\tenrm (\ten
i plhs\tenrm [1]\teni ; out\tenrm 1[]\teni dim\tenrm 2[]\teni dim\tenrm 3[];$ |


\hbox(7.5+3.55557)x469.75499
.\teni m
.\teni x
.\teni C
.\kern0.71527
.\teni r
.etc.

! Missing $ inserted.
<inserted text> 
                $
<to be read again> 
                   _
l.1937 mw_
          err_label:
? 
! Extra }, or forgotten $.
l.1942 }
        
? 
! Missing $ inserted.
<inserted text> 
                $
<to be read again> 
                   \par 
l.1943 
       
? 
! Missing $ inserted.
<inserted text> 
                $
<to be read again> 
                   _
l.1945  * int ier = finufft_
                            execute(finufft_plan plan, dcomplex[] data_in, o...

? 
! Missing $ inserted.
<inserted text> 
                $
<to be read again> 
                   \par 
l.1948 
       
? 

Overfull \hbox (168.59653pt too wide) in paragraph at lines 1944--1948
[]\tenrm /* ---- fi-nufft.mw: 258 ---- * int ier = finufft$[]\teni xecute\tenrm
 (\teni finufft[]lanplan; dcomplex\tenrm []\teni data[]n; outputdcomplex\tenrm 
[\teni nk; n[]rans\tenrm ]\teni result\tenrm ); \tensy ^^C\teni =staticconstcha
r \tensy ^^C|

\hbox(7.5+2.86108)x469.75499, glue set - 1.0
.\hbox(0.0+0.0)x20.0
.\tenrm /
.\tenrm *
.\glue 3.33333 plus 1.66666 minus 1.11111
.\tenrm | (ligature ---)
.etc.

! Missing $ inserted.
<inserted text> 
                $
<to be read again> 
                   _
l.1952     const char* mw_
                          err_txt_ = 0;
? 
! Missing $ inserted.
<inserted text> 
                $
<to be read again> 
                   \par 
l.1959 
       
? 

Overfull \hbox (46.59032pt too wide) in paragraph at lines 1949--1959
[]\tenrm void me-xStub17(int nlhs, mxAr-ray* plhs[], int nrhs, const mxAr-ray* 
prhs[])  const char* mw$[]\teni rr[]xt[]\tenrm 0; \teni finufft[]lan \tensy ^^C
|

\hbox(7.5+2.86108)x469.75499, glue set - 1.0
.\hbox(0.0+0.0)x20.0
.\tenrm v
.\kern-0.27779
.\tenrm o
.\tenrm i
.etc.

! Missing $ inserted.
<inserted text> 
                $
<to be read again> 
                   _
l.1960     dim2_
                 = (mwSize) mxWrapGetScalar(prhs[2], &mw_err_txt_);
? 
! Misplaced alignment tab character &.
l.1960 ...2_ = (mwSize) mxWrapGetScalar(prhs[2], &
                                                  mw_err_txt_);
? 
! Misplaced alignment tab character &.
l.1961 ...3_ = (mwSize) mxWrapGetScalar(prhs[3], &
                                                  mw_err_txt_);
? 
! Missing $ inserted.
<inserted text> 
                $
<to be read again> 
                   \par 
l.1962 
       
? 

Overfull \hbox (45.23016pt too wide) in paragraph at lines 1960--1962
[]\tenrm dim2$[](\teni mwSize\tenrm )\teni mxWrapGetScalar\tenrm (\teni prhs\te
nrm [2]\teni ; mw[]rr[]xt[]\tenrm ; \teni dim\tenrm 3[](\teni mwSize\tenrm )\te
ni mxWrapGetScalar\tenrm (\teni prhs\tenrm [3]\teni ; mw[]rr[]xt[]\tenrm ;$ |

\hbox(7.5+3.55557)x469.75499
.\hbox(0.0+0.0)x20.0
.\tenrm d
.\tenrm i
.\tenrm m
.\tenrm 2
.etc.

! Missing $ inserted.
<inserted text> 
                $
<to be read again> 
                   _
l.1963     in0_
                = (finufft_plan*) mxWrapGetP(prhs[0], "finufft_plan:%p", &mw...

? 
! Misplaced alignment tab character &.
l.1970 ...n1_ = mxWrapGetArray_dcomplex(prhs[1], &
                                                  mw_err_txt_);
? 
! You can't use `macro parameter character #' in math mode.
l.1983 #
        if MX_HAS_INTERLEAVED_COMPLEX
? 
! You can't use `macro parameter character #' in math mode.
l.1986 #
        else
? 
! You can't use `macro parameter character #' in math mode.
l.1989 #
        endif
? 
! Missing $ inserted.
<inserted text> 
                $
<to be read again> 
                   \par 
l.1992 
       
? 

Overfull \hbox (41.97919pt too wide) in paragraph at lines 1963--1992
[]\tenrm in0$[](\teni finufft[]lan\tensy ^^C\tenrm )\teni mxWrapGetP\tenrm (\te
ni prhs\tenrm [0]\teni ; \tenrm "\teni finufft[]lan \tenrm : \teni if\tenrm (\t
eni mw[]rr[]xt[]gotomw[]rr[]abel\tenrm ; \teni if\tenrm (\teni mxGetM\tenrm (\t
eni prhs\tenrm [1]) \tensy ^^C|

\hbox(7.5+3.55557)x469.75499, glue set - 1.0
.\hbox(0.0+0.0)x20.0
.\tenrm i
.\tenrm n
.\tenrm 0
.\mathon
.etc.


Overfull \hbox (1486.95122pt too wide) in paragraph at lines 1963--1992
\teni mxGetN\tenrm (\teni prhs\tenrm [1])! = 0)[]\teni elsein\tenrm 1[]\teni NU
LL\tenrm ; \teni if\tenrm (!\teni in\tenrm 0[][]\teni out\tenrm 1[](\teni dcomp
lex\tensy ^^C\tenrm )\teni mxMalloc\tenrm (\teni dim\tenrm 2[]\teni dim\tenrm 3
[]\teni sizeof\tenrm (\teni dcomplex\tenrm )); \teni if\tenrm (\teni mexprofrec
ord[]mexprofrecord[]\tenrm 17] +|

\hbox(7.5+3.55557)x469.75499, glue set - 1.0
.\teni m
.\teni x
.\teni G
.\teni e
.\teni t
.etc.


Overfull \hbox (246.13025pt too wide) in paragraph at lines 1963--1992
\tenrm +; \teni out\tenrm 0[]\teni finufft[]xecute\tenrm (\tensy ^^C\teni in\te
nrm 0[]\teni in\tenrm 1[]\teni out\tenrm 1[]; \teni ifMX[]AS[]NTERLEAVED[]OMPLE
Xplhs\tenrm [0] = \teni mxCreateDoubleMatrix\tenrm (1\teni ; \tenrm 1\teni ; mx
REAL\tenrm ); \tensy ^^C\teni mxGetDoubles\tenrm (\teni plhs\tenrm [0]) =|

\hbox(7.5+3.55557)x469.75499
.\tenrm +
.\tenrm ;
.\glue(\thinmuskip) 1.66663
.\teni o
.\teni u
.etc.

! Missing $ inserted.
<inserted text> 
                $
<to be read again> 
                   _
l.1993 mw_
          err_label:
? 
! Extra }, or forgotten $.
l.1998 }
        
? 
! Missing $ inserted.
<inserted text> 
                $
<to be read again> 
                   \par 
l.1999 
       
? 
! Missing $ inserted.
<inserted text> 
                $
<to be read again> 
                   _
l.2001  * int ier = finufftf_
                             execute(finufftf_plan plan, fcomplex[] data_in,...

? 
! Missing $ inserted.
<inserted text> 
                $
<to be read again> 
                   \par 
l.2004 
       
? 

Overfull \hbox (178.08275pt too wide) in paragraph at lines 2000--2004
[]\tenrm /* ---- fi-nufft.mw: 260 ---- * int ier = finufftf$[]\teni xecute\tenr
m (\teni finufftf[]lanplan; fcomplex\tenrm []\teni data[]n; outputfcomplex\tenr
m [\teni nk; n[]rans\tenrm ]\teni result\tenrm ); \tensy ^^C\teni =staticconstc
har \tensy ^^C|

\hbox(7.5+2.86108)x469.75499, glue set - 1.0
.\hbox(0.0+0.0)x20.0
.\tenrm /
.\tenrm *
.\glue 3.33333 plus 1.66666 minus 1.11111
.\tenrm | (ligature ---)
.etc.

[6]
! Missing $ inserted.
<inserted text> 
                $
<to be read again> 
                   _
l.2008     const char* mw_
                          err_txt_ = 0;
? 
! Missing $ inserted.
<inserted text> 
                $
<to be read again> 
                   \par 
l.2015 
       
? 

Overfull \hbox (51.48618pt too wide) in paragraph at lines 2005--2015
[]\tenrm void me-xStub18(int nlhs, mxAr-ray* plhs[], int nrhs, const mxAr-ray* 
prhs[])  const char* mw$[]\teni rr[]xt[]\tenrm 0; \teni finufftf[]lan \tensy ^^
C|

\hbox(7.5+2.86108)x469.75499, glue set - 1.0
.\hbox(0.0+0.0)x20.0
.\tenrm v
.\kern-0.27779
.\tenrm o
.\tenrm i
.etc.

! Missing $ inserted.
<inserted text> 
                $
<to be read again> 
                   _
l.2016     dim2_
                 = (mwSize) mxWrapGetScalar(prhs[2], &mw_err_txt_);
? 
! Misplaced alignment tab character &.
l.2016 ...2_ = (mwSize) mxWrapGetScalar(prhs[2], &
                                                  mw_err_txt_);
? 
! Misplaced alignment tab character &.
l.2017 ...3_ = (mwSize) mxWrapGetScalar(prhs[3], &
                                                  mw_err_txt_);
? 
! Missing $ inserted.
<inserted text> 
                $
<to be read again> 
                   \par 
l.2018 
       
? 

Overfull \hbox (45.23016pt too wide) in paragraph at lines 2016--2018
[]\tenrm dim2$[](\teni mwSize\tenrm )\teni mxWrapGetScalar\tenrm (\teni prhs\te
nrm [2]\teni ; mw[]rr[]xt[]\tenrm ; \teni dim\tenrm 3[](\teni mwSize\tenrm )\te
ni mxWrapGetScalar\tenrm (\teni prhs\tenrm [3]\teni ; mw[]rr[]xt[]\tenrm ;$ |

\hbox(7.5+3.55557)x469.75499
.\hbox(0.0+0.0)x20.0
.\tenrm d
.\tenrm i
.\tenrm m
.\tenrm 2
.etc.

! Missing $ inserted.
<inserted text> 
                $
<to be read again> 
                   _
l.2019     in0_
                = (finufftf_plan*) mxWrapGetP(prhs[0], "finufftf_plan:%p", &...

? 
! Misplaced alignment tab character &.
l.2026 ...xWrapGetArray_single_fcomplex(prhs[1], &
                                                  mw_err_txt_);
? 
! You can't use `macro parameter character #' in math mode.
l.2039 #
        if MX_HAS_INTERLEAVED_COMPLEX
? 
! You can't use `macro parameter character #' in math mode.
l.2042 #
        else
? 
! You can't use `macro parameter character #' in math mode.
l.2045 #
        endif
? 
! Missing $ inserted.
<inserted text> 
                $
<to be read again> 
                   \par 
l.2048 
       
? 

Overfull \hbox (51.7709pt too wide) in paragraph at lines 2019--2048
[]\tenrm in0$[](\teni finufftf[]lan\tensy ^^C\tenrm )\teni mxWrapGetP\tenrm (\t
eni prhs\tenrm [0]\teni ; \tenrm "\teni finufftf[]lan \tenrm : \teni if\tenrm (
\teni mw[]rr[]xt[]gotomw[]rr[]abel\tenrm ; \teni if\tenrm (\teni mxGetM\tenrm (
\teni prhs\tenrm [1]) \tensy ^^C|

\hbox(7.5+3.55557)x469.75499, glue set - 1.0
.\hbox(0.0+0.0)x20.0
.\tenrm i
.\tenrm n
.\tenrm 0
.\mathon
.etc.


Overfull \hbox (1508.51228pt too wide) in paragraph at lines 2019--2048
\teni mxGetN\tenrm (\teni prhs\tenrm [1])! = 0)[]\teni elsein\tenrm 1[]\teni NU
LL\tenrm ; \teni if\tenrm (!\teni in\tenrm 0[][]\teni out\tenrm 1[](\teni fcomp
lex\tensy ^^C\tenrm )\teni mxMalloc\tenrm (\teni dim\tenrm 2[]\teni dim\tenrm 3
[]\teni sizeof\tenrm (\teni fcomplex\tenrm )); \teni if\tenrm (\teni mexprofrec
ord[]mexprofrecord[]\tenrm 18] +|

\hbox(7.5+3.55557)x469.75499, glue set - 1.0
.\teni m
.\teni x
.\teni G
.\teni e
.\teni t
.etc.


Overfull \hbox (251.02611pt too wide) in paragraph at lines 2019--2048
\tenrm +; \teni out\tenrm 0[]\teni finufftf[]xecute\tenrm (\tensy ^^C\teni in\t
enrm 0[]\teni in\tenrm 1[]\teni out\tenrm 1[]; \teni ifMX[]AS[]NTERLEAVED[]OMPL
EXplhs\tenrm [0] = \teni mxCreateDoubleMatrix\tenrm (1\teni ; \tenrm 1\teni ; m
xREAL\tenrm ); \tensy ^^C\teni mxGetDoubles\tenrm (\teni plhs\tenrm [0]) =|

\hbox(7.5+3.55557)x469.75499
.\tenrm +
.\tenrm ;
.\glue(\thinmuskip) 1.66663
.\teni o
.\teni u
.etc.


Overfull \hbox (128.47105pt too wide) in paragraph at lines 2019--2048
\teni mxCreateNumericMatrix\tenrm (\teni dim\tenrm 2[]\teni dim\tenrm 3[]\teni 
mxSINGLE[]LASS; mxCOMPLEX\tenrm ); \teni mxWrapCopy[]ingle[]complex\tenrm (\ten
i plhs\tenrm [1]\teni ; out\tenrm 1[]\teni dim\tenrm 2[]\teni dim\tenrm 3[];$ |


\hbox(7.5+3.55557)x469.75499
.\teni m
.\teni x
.\teni C
.\kern0.71527
.\teni r
.etc.

! Missing $ inserted.
<inserted text> 
                $
<to be read again> 
                   _
l.2049 mw_
          err_label:
? 
! Extra }, or forgotten $.
l.2054 }
        
? 
! Missing $ inserted.
<inserted text> 
                $
<to be read again> 
                   \par 
l.2055 
       
? 
! Missing $ inserted.
<inserted text> 
                $
<to be read again> 
                   _
l.2057  * finufft_
                  destroy(finufft_plan plan);
? 
! Missing $ inserted.
<inserted text> 
                $
<to be read again> 
                   \par 
l.2060 
       
? 

Overfull \hbox (94.2377pt too wide) in paragraph at lines 2056--2060
[]\tenrm /* ---- fi-nufft.mw: 272 ---- * finufft$[]\teni estroy\tenrm (\teni fi
nufft[]lanplan\tenrm ); \tensy ^^C\teni =staticconstchar \tensy ^^C \teni stubi
ds\tenrm 19[]"\teni finufft[]estroy\tenrm (\teni ifinufft[]lan\tenrm )";$ |

\hbox(7.5+2.86108)x469.75499, glue set - 1.0
.\hbox(0.0+0.0)x20.0
.\tenrm /
.\tenrm *
.\glue 3.33333 plus 1.66666 minus 1.11111
.\tenrm | (ligature ---)
.etc.

! Missing $ inserted.
<inserted text> 
                $
<to be read again> 
                   _
l.2064     const char* mw_
                          err_txt_ = 0;
? 
! Missing $ inserted.
<inserted text> 
                $
<to be read again> 
                   \par 
l.2066 
       
? 

Overfull \hbox (46.59032pt too wide) in paragraph at lines 2061--2066
[]\tenrm void me-xStub19(int nlhs, mxAr-ray* plhs[], int nrhs, const mxAr-ray* 
prhs[])  const char* mw$[]\teni rr[]xt[]\tenrm 0; \teni finufft[]lan \tensy ^^C
|

\hbox(7.5+2.86108)x469.75499, glue set - 1.0
.\hbox(0.0+0.0)x20.0
.\tenrm v
.\kern-0.27779
.\tenrm o
.\tenrm i
.etc.

! Missing $ inserted.
<inserted text> 
                $
<to be read again> 
                   _
l.2067     in0_
                = (finufft_plan*) mxWrapGetP(prhs[0], "finufft_plan:%p", &mw...

? 
! Missing $ inserted.
<inserted text> 
                $
<to be read again> 
                   \par 
l.2077 
       
? 

Overfull \hbox (412.37296pt too wide) in paragraph at lines 2067--2077
[]\tenrm in0$[](\teni finufft[]lan\tensy ^^C\tenrm )\teni mxWrapGetP\tenrm (\te
ni prhs\tenrm [0]\teni ; \tenrm "\teni finufft[]lan \tenrm : \teni if\tenrm (\t
eni mw[]rr[]xt[]gotomw[]rr[]abel\tenrm ; \teni if\tenrm (!\teni in\tenrm 0[][]\
teni if\tenrm (\teni mexprofrecord[]mexprofrecord[]\tenrm 19] +|

\hbox(7.5+3.55557)x469.75499, glue set - 1.0
.\hbox(0.0+0.0)x20.0
.\tenrm i
.\tenrm n
.\tenrm 0
.\mathon
.etc.

! Missing $ inserted.
<inserted text> 
                $
<to be read again> 
                   _
l.2078 mw_
          err_label:
? 
! Extra }, or forgotten $.
l.2081 }
        
? 
! Missing $ inserted.
<inserted text> 
                $
<to be read again> 
                   \par 
l.2082 
       
? 
! Missing $ inserted.
<inserted text> 
                $
<to be read again> 
                   _
l.2084  * finufftf_
                   destroy(finufftf_plan plan);
? 
! Missing $ inserted.
<inserted text> 
                $
<to be read again> 
                   \par 
l.2087 
       
? 

Overfull \hbox (111.98085pt too wide) in paragraph at lines 2083--2087
[]\tenrm /* ---- fi-nufft.mw: 274 ---- * finufftf$[]\teni estroy\tenrm (\teni f
inufftf[]lanplan\tenrm ); \tensy ^^C\teni =staticconstchar \tensy ^^C \teni stu
bids\tenrm 20[]"\teni finufftf[]estroy\tenrm (\teni ifinufftf[]lan\tenrm )";$ |


\hbox(7.5+2.86108)x469.75499, glue set - 1.0
.\hbox(0.0+0.0)x20.0
.\tenrm /
.\tenrm *
.\glue 3.33333 plus 1.66666 minus 1.11111
.\tenrm | (ligature ---)
.etc.

! Missing $ inserted.
<inserted text> 
                $
<to be read again> 
                   _
l.2091     const char* mw_
                          err_txt_ = 0;
? 
! Missing $ inserted.
<inserted text> 
                $
<to be read again> 
                   \par 
l.2093 
       
? 

Overfull \hbox (51.48618pt too wide) in paragraph at lines 2088--2093
[]\tenrm void me-xStub20(int nlhs, mxAr-ray* plhs[], int nrhs, const mxAr-ray* 
prhs[])  const char* mw$[]\teni rr[]xt[]\tenrm 0; \teni finufftf[]lan \tensy ^^
C|

\hbox(7.5+2.86108)x469.75499, glue set - 1.0
.\hbox(0.0+0.0)x20.0
.\tenrm v
.\kern-0.27779
.\tenrm o
.\tenrm i
.etc.

! Missing $ inserted.
<inserted text> 
                $
<to be read again> 
                   _
l.2094     in0_
                = (finufftf_plan*) mxWrapGetP(prhs[0], "finufftf_plan:%p", &...

? 
! Missing $ inserted.
<inserted text> 
                $
<to be read again> 
                   \par 
l.2104 
       
? 

Overfull \hbox (422.16467pt too wide) in paragraph at lines 2094--2104
[]\tenrm in0$[](\teni finufftf[]lan\tensy ^^C\tenrm )\teni mxWrapGetP\tenrm (\t
eni prhs\tenrm [0]\teni ; \tenrm "\teni finufftf[]lan \tenrm : \teni if\tenrm (
\teni mw[]rr[]xt[]gotomw[]rr[]abel\tenrm ; \teni if\tenrm (!\teni in\tenrm 0[][
]\teni if\tenrm (\teni mexprofrecord[]mexprofrecord[]\tenrm 20] +|

\hbox(7.5+3.55557)x469.75499, glue set - 1.0
.\hbox(0.0+0.0)x20.0
.\tenrm i
.\tenrm n
.\tenrm 0
.\mathon
.etc.

! Missing $ inserted.
<inserted text> 
                $
<to be read again> 
                   _
l.2105 mw_
          err_label:
? 
! Extra }, or forgotten $.
l.2108 }
        
? 
! Missing $ inserted.
<inserted text> 
                $
<to be read again> 
                   \par 
l.2109 
       
? 
! Undefined control sequence.
l.2117         mexPrintf("Mex function installed\n
                                                  ");
? 
! Missing $ inserted.
<inserted text> 
                $
<to be read again> 
                   _
l.2123     else if (strcmp(id, stubids1_
                                        ) == 0)
? 
! Undefined control sequence.
l.2177             mexPrintf("Profiler inactive\n
                                                 ");
? 
! Undefined control sequence.
l.2206 ...     fprintf(logfp, "Profiler inactive\n
                                                  ");
? 
! Extra }, or forgotten $.
l.2230 }
        
? 
! Missing $ inserted.
<inserted text> 
                $
<to be read again> 
                   \par 
l.2231 
       
? 

Overfull \hbox (100.23969pt too wide) in paragraph at lines 2121--2231
\tenrm (strcmp(id, stubids1$[] == 0)\teni mexStub\tenrm 1(\teni nlhs; plhs; nrh
s \tensy ^^@ \tenrm 1\teni ; prhs \tenrm + 1); \teni elseif\tenrm (\teni strcmp
\tenrm (\teni id; stubids\tenrm 2[] == 0)\teni mexStub\tenrm 2(\teni nlhs; plhs
; nrhs \tensy ^^@|

\hbox(7.5+3.55557)x469.75499, glue set - 1.0
.\tenrm (
.\tenrm s
.\tenrm t
.\tenrm r
.\tenrm c
.etc.


Overfull \hbox (42.75436pt too wide) in paragraph at lines 2121--2231
\tenrm 1\teni ; prhs \tenrm + 1); \teni elseif\tenrm (\teni strcmp\tenrm (\teni
 id; stubids\tenrm 3[] == 0)\teni mexStub\tenrm 3(\teni nlhs; plhs; nrhs \tensy
 ^^@ \tenrm 1\teni ; prhs \tenrm + 1); \teni elseif\tenrm (\teni strcmp\tenrm (
\teni id; stubids\tenrm 4[] ==|

\hbox(7.5+3.55557)x469.75499, glue set - 1.0
.\tenrm 1
.\teni ;
.\glue(\thinmuskip) 1.66663
.\teni p
.\teni r
.etc.


Overfull \hbox (42.75436pt too wide) in paragraph at lines 2121--2231
\tenrm 1\teni ; prhs \tenrm + 1); \teni elseif\tenrm (\teni strcmp\tenrm (\teni
 id; stubids\tenrm 6[] == 0)\teni mexStub\tenrm 6(\teni nlhs; plhs; nrhs \tensy
 ^^@ \tenrm 1\teni ; prhs \tenrm + 1); \teni elseif\tenrm (\teni strcmp\tenrm (
\teni id; stubids\tenrm 7[] ==|

\hbox(7.5+3.55557)x469.75499, glue set - 1.0
.\tenrm 1
.\teni ;
.\glue(\thinmuskip) 1.66663
.\teni p
.\teni r
.etc.


Overfull \hbox (47.75438pt too wide) in paragraph at lines 2121--2231
\tenrm 1\teni ; prhs \tenrm + 1); \teni elseif\tenrm (\teni strcmp\tenrm (\teni
 id; stubids\tenrm 9[] == 0)\teni mexStub\tenrm 9(\teni nlhs; plhs; nrhs \tensy
 ^^@ \tenrm 1\teni ; prhs \tenrm + 1); \teni elseif\tenrm (\teni strcmp\tenrm (
\teni id; stubids\tenrm 10[] ==|

\hbox(7.5+3.55557)x469.75499, glue set - 1.0
.\tenrm 1
.\teni ;
.\glue(\thinmuskip) 1.66663
.\teni p
.\teni r
.etc.


Overfull \hbox (3.08684pt too wide) in paragraph at lines 2121--2231
\tenrm 0)\teni mexStub\tenrm 10(\teni nlhs; plhs; nrhs \tensy ^^@ \tenrm 1\teni
 ; prhs \tenrm + 1); \teni elseif\tenrm (\teni strcmp\tenrm (\teni id; stubids\
tenrm 11[] == 0)\teni mexStub\tenrm 11(\teni nlhs; plhs; nrhs \tensy ^^@|

\hbox(7.5+3.55557)x469.75499, glue set - 1.0
.\tenrm 0
.\tenrm )
.\teni m
.\teni e
.\teni x
.etc.


Overfull \hbox (57.75441pt too wide) in paragraph at lines 2121--2231
\tenrm 1\teni ; prhs \tenrm + 1); \teni elseif\tenrm (\teni strcmp\tenrm (\teni
 id; stubids\tenrm 12[] == 0)\teni mexStub\tenrm 12(\teni nlhs; plhs; nrhs \ten
sy ^^@ \tenrm 1\teni ; prhs \tenrm + 1); \teni elseif\tenrm (\teni strcmp\tenrm
 (\teni id; stubids\tenrm 13[] ==|

\hbox(7.5+3.55557)x469.75499, glue set - 1.0
.\tenrm 1
.\teni ;
.\glue(\thinmuskip) 1.66663
.\teni p
.\teni r
.etc.


Overfull \hbox (3.08684pt too wide) in paragraph at lines 2121--2231
\tenrm 0)\teni mexStub\tenrm 13(\teni nlhs; plhs; nrhs \tensy ^^@ \tenrm 1\teni
 ; prhs \tenrm + 1); \teni elseif\tenrm (\teni strcmp\tenrm (\teni id; stubids\
tenrm 14[] == 0)\teni mexStub\tenrm 14(\teni nlhs; plhs; nrhs \tensy ^^@|

\hbox(7.5+3.55557)x469.75499, glue set - 1.0
.\tenrm 0
.\tenrm )
.\teni m
.\teni e
.\teni x
.etc.


Overfull \hbox (57.75441pt too wide) in paragraph at lines 2121--2231
\tenrm 1\teni ; prhs \tenrm + 1); \teni elseif\tenrm (\teni strcmp\tenrm (\teni
 id; stubids\tenrm 15[] == 0)\teni mexStub\tenrm 15(\teni nlhs; plhs; nrhs \ten
sy ^^@ \tenrm 1\teni ; prhs \tenrm + 1); \teni elseif\tenrm (\teni strcmp\tenrm
 (\teni id; stubids\tenrm 16[] ==|

\hbox(7.5+3.55557)x469.75499, glue set - 1.0
.\tenrm 1
.\teni ;
.\glue(\thinmuskip) 1.66663
.\teni p
.\teni r
.etc.


Overfull \hbox (3.08684pt too wide) in paragraph at lines 2121--2231
\tenrm 0)\teni mexStub\tenrm 16(\teni nlhs; plhs; nrhs \tensy ^^@ \tenrm 1\teni
 ; prhs \tenrm + 1); \teni elseif\tenrm (\teni strcmp\tenrm (\teni id; stubids\
tenrm 17[] == 0)\teni mexStub\tenrm 17(\teni nlhs; plhs; nrhs \tensy ^^@|

\hbox(7.5+3.55557)x469.75499, glue set - 1.0
.\tenrm 0
.\tenrm )
.\teni m
.\teni e
.\teni x
.etc.


Overfull \hbox (57.75441pt too wide) in paragraph at lines 2121--2231
\tenrm 1\teni ; prhs \tenrm + 1); \teni elseif\tenrm (\teni strcmp\tenrm (\teni
 id; stubids\tenrm 18[] == 0)\teni mexStub\tenrm 18(\teni nlhs; plhs; nrhs \ten
sy ^^@ \tenrm 1\teni ; prhs \tenrm + 1); \teni elseif\tenrm (\teni strcmp\tenrm
 (\teni id; stubids\tenrm 19[] ==|

\hbox(7.5+3.55557)x469.75499, glue set - 1.0
.\tenrm 1
.\teni ;
.\glue(\thinmuskip) 1.66663
.\teni p
.\teni r
.etc.


Overfull \hbox (3.08684pt too wide) in paragraph at lines 2121--2231
\tenrm 0)\teni mexStub\tenrm 19(\teni nlhs; plhs; nrhs \tensy ^^@ \tenrm 1\teni
 ; prhs \tenrm + 1); \teni elseif\tenrm (\teni strcmp\tenrm (\teni id; stubids\
tenrm 20[] == 0)\teni mexStub\tenrm 20(\teni nlhs; plhs; nrhs \tensy ^^@|

\hbox(7.5+3.55557)x469.75499, glue set - 1.0
.\tenrm 0
.\tenrm )
.\teni m
.\teni e
.\teni x
.etc.


Overfull \hbox (391.56682pt too wide) in paragraph at lines 2121--2231
\tenrm 1\teni ; prhs \tenrm + 1); \teni elseif\tenrm (\teni strcmp\tenrm (\teni
 id; \tenrm " \tensy ^^C \teni profileon \tensy ^^C \tenrm ") == 0)[]\teni else
if\tenrm (\teni strcmp\tenrm (\teni id; \tenrm " \tensy ^^C|

\hbox(7.5+3.55557)x469.75499, glue set - 1.0
.\tenrm 1
.\teni ;
.\glue(\thinmuskip) 1.66663
.\teni p
.\teni r
.etc.


Overfull \hbox (67.30264pt too wide) in paragraph at lines 2121--2231
\teni profileoff \tensy ^^C \tenrm ") == 0)[]\teni elseif\tenrm (\teni strcmp\t
enrm (\teni id; \tenrm " \tensy ^^C|

\hbox(7.5+3.55557)x469.75499, glue set - 1.0
.\teni p
.\teni r
.\kern0.27779
.\teni o
.\teni f
.etc.


Overfull \hbox (1152.46199pt too wide) in paragraph at lines 2121--2231
\teni profilereport \tensy ^^C \tenrm ") == 0)[]\teni elseif\tenrm (\teni strcm
p\tenrm (\teni id; \tenrm " \tensy ^^C|

\hbox(7.5+3.55557)x469.75499, glue set - 1.0
.\teni p
.\teni r
.\kern0.27779
.\teni o
.\teni f
.etc.


Overfull \hbox (2495.97697pt too wide) in paragraph at lines 2121--2231
\teni profilelog \tensy ^^C \tenrm ") == 0)[]\teni elsemexErrMsgTxt\tenrm ("\te
ni Unknownidentifier\tenrm ");$ |

\hbox(7.5+3.55557)x469.75499, glue set - 1.0
.\teni p
.\teni r
.\kern0.27779
.\teni o
.\teni f
.etc.

)
! Missing $ inserted.
<inserted text> 
                $
<to be read again> 
                   _
<*> .../libfinufft.a -Iinclude -largeArrayDims -D_
                                                  OPENMP -DR2008OO -lfftw3 -...

? 

*
! Missing $ inserted.
<inserted text> 
                $
<to be read again> 
                   \par 
<*> 
    
? 
(Please type a command or say `\end')
*
(Please type a command or say `\end')
*
(Please type a command or say `\end')
*
(Please type a command or say `\end')
*
(Please type a command or say `\end')
*
(Please type a command or say `\end')
*
(Please type a command or say `\end')
*
(Please type a command or say `\end')
*
(Please type a command or say `\end')
*
(Please type a command or say `\end')
*
(Please type a command or say `\end')
*
(Please type a command or say `\end')
*
(Please type a command or say `\end')
*
(Please type a command or say `\end')
*
(Please type a command or say `\end')
*
(Please type a command or say `\end')
*
(Please type a command or say `\end')
*
(Please type a command or say `\end')
*
(Please type a command or say `\end')
*
(Please type a command or say `\end')
*
(Please type a command or say `\end')
*
(Please type a command or say `\end')
*
(Please type a command or say `\end')
*
(Please type a command or say `\end')
*
(Please type a command or say `\end')
*
(Please type a command or say `\end')
*
(Please type a command or say `\end')
*
(Please type a command or say `\end')
*
(Please type a command or say `\end')
*
(Please type a command or say `\end')
*
(Please type a command or say `\end')
*\end
[7]
(\end occurred inside a group at level 29)

### simple group (level 29) entered at line 2114 ({)
### simple group (level 28) entered at line 2090 ({)
### simple group (level 27) entered at line 2063 ({)
### simple group (level 26) entered at line 2007 ({)
### simple group (level 25) entered at line 1951 ({)
### simple group (level 24) entered at line 1895 ({)
### simple group (level 23) entered at line 1839 ({)
### simple group (level 22) entered at line 1785 ({)
### simple group (level 21) entered at line 1731 ({)
### simple group (level 20) entered at line 1610 ({)
### simple group (level 19) entered at line 1489 ({)
### simple group (level 18) entered at line 1466 ({)
### simple group (level 17) entered at line 1381 ({)
### simple group (level 16) entered at line 1296 ({)
### simple group (level 15) entered at line 1271 ({)
### simple group (level 14) entered at line 1248 ({)
### simple group (level 13) entered at line 1227 ({)
### simple group (level 12) entered at line 1204 ({)
### simple group (level 11) entered at line 1183 ({)
### simple group (level 10) entered at line 1162 ({)
### simple group (level 9) entered at line 1144 ({)
### simple group (level 8) entered at line 695 ({)
### simple group (level 7) entered at line 637 ({)
### simple group (level 6) entered at line 609 ({)
### simple group (level 5) entered at line 561 ({)
### simple group (level 4) entered at line 229 ({)
### simple group (level 3) entered at line 144 ({)
### simple group (level 2) entered at line 131 ({)
### simple group (level 1) entered at line 58 ({)
### bottom level
Output written on finufft.dvi (7 pages, 112872 bytes).
